id	name	lat	lng	city	state
f1720cd3-6533-41cf-bc74-13840c46e91f	GTR-Brindavan Gardens	16.32025238	80.41555654	Guntur	Andhra Pradesh
f39c8468-8ad4-41c4-b159-1b0d9a2d0a6f	GTR-Lalapet	16.29852268	80.45298144	Guntur	Andhra Pradesh
471b6b1b-6289-47bf-ac72-a61684f86181	VJW-Durgapuram	16.520896	80.637548	Vijayawada	Andhra Pradesh
308d5afe-f44d-443b-ab47-5f6e43f3fcbd	VJW-HB Colony	16.532303	80.592049	Vijayawada	Andhra Pradesh
0bd6dc44-83ca-40ef-9025-d8b881f999bf	VJW-Payakapuram	16.54675	80.64114	Vijayawada	Andhra Pradesh
456f820f-097c-49b2-8b2b-8f9dc11addd3	VJW-Sanath Nagar	16.4883889	80.6724444	Vijayawada	Andhra Pradesh
086819d5-945b-4e11-b392-bf9a421d9fd2	VJW-Sri Ramchandra Nagar	16.511668	80.679519	Vijayawada	Andhra Pradesh
e22f0f25-8f33-43b9-af30-c0bbf8d53126	VJW-Tadepalle New	16.472485	80.616951	Vijayawada	Andhra Pradesh
e3b48c7c-765f-4ae8-a150-7d982b2d75d9	CHD-Manimajra	30.71021	76.84246	Chandigarh	Chandigarh
809ea1fc-cf81-4257-b2b5-7d53a911cae0	CHD-Sector 17	30.742671	76.787421	Chandigarh	Chandigarh
9e82a26c-9e78-4ea5-93a7-b0b077538621	CHD-Sector 26	30.7245407	76.8063765	Chandigarh	Chandigarh
2c224926-8b10-4295-9710-004f8e7b3880	CHD-Sector 34	30.72215	76.76781	Chandigarh	Chandigarh
5dbd7e40-75db-452c-bd76-7dac3d7c0c0b	DEL - East of Kailash	28.554289	77.243605	Delhi	Delhi
ead42923-cfd0-4a7d-bb71-b879631773f1	DEL-ANAND VIHAR	28.648976	77.302663	Delhi	Delhi
444a442d-982b-437d-a8eb-9ca9385eaed5	DEL-Anand Vihar Network	28.6557301	77.2756487	Delhi	Delhi
c8e077b9-6eec-4317-8254-6fd9eca59bed	DEL-Azad Nagar	28.6670728	77.2825675	Delhi	Delhi
d9b656fe-41ad-4645-9fad-af3bf1cf7d8f	DEL-Bagdola	28.57344104	77.07253362	Delhi	Delhi
a45e53cb-bb72-48b5-84a4-5dc8ca06a2d6	DEL-Baprola	28.64460332751475	77.02022023843291	Delhi	Delhi
23e18cbf-7e46-49ec-a559-d5a6cdb09d3b	DEL-Burari	28.758743	77.190069	Delhi	Delhi
10655b62-1ead-42a2-a02c-d7a749951d48	DEL-CHATTARPUR	28.495495	77.185081	Delhi	Delhi
5ee3f39d-3d7b-44b2-bbeb-b17e8457dc4e	DEL-Chattarpur Enclave	28.5017175	77.1858712	Delhi	Delhi
33622370-e10f-4996-aaf2-84076a8f66c2	DEL-Civil Lines	28.66736	77.216683	Delhi	Delhi
3d03e7a7-4ded-458a-9349-2978cd333ef0	DEL-Connaught Place	28.641493	77.234596	Delhi	Delhi
34420157-825b-4822-acc8-9f20ae822fe3	DEL-Dilshad Garden New	28.677253	77.308197	Delhi	Delhi
f090d50a-60ed-4b98-9493-3f0d9751a3f3	DEL-Durgapuri	28.689691	77.296863	Delhi	Delhi
3a8029df-cae5-4c17-88ea-814f8366b814	DEL-Dwarka Sec 17	28.59409345	77.02550957	Delhi	Delhi
8a63a860-9ec1-4fcc-b37a-523a34647742	DEL-Dwarka Sector 10 Network-4	28.558292	77.050021	Delhi	Delhi
8fe0a1ee-0ea0-4a84-ba34-80b0d266ad31	DEL-Dwarka Sector 10 New	28.58763683513106	77.068232378374	Delhi	Delhi
41b702ce-4302-4b24-8997-c9bd507d5ea7	DEL-Dwarka Sector 12 Network	28.607881	77.033508	Delhi	Delhi
4332c938-8582-4628-95d9-2844086daf78	Del-Dwarka Sector 19 New	28.5772487	77.05026	Delhi	Delhi
db68a1c5-3c18-49d4-bd83-87b4f580fd45	DEL-East Of Kailash Network	28.560985387886664	77.2518555255955	Delhi	Delhi
55bbe2f9-33f4-4ce0-a864-9730284b2a7c	DEL-Ghitorni	28.494128	77.145755	Delhi	Delhi
2510c6f9-3c8f-4cc0-8688-b836944587e8	DEL-Green park	28.56066406	77.20253227	Delhi	Delhi
834e1acb-7f03-424e-9b2b-3bebefbdde9a	DEL-IGNOU main road	28.5146	77.2051	Delhi	Delhi
c951a741-faf1-4189-be8c-e441b6985190	DEL-IP EXTENSION	28.631945	77.297721	Delhi	Delhi
dad7f2ba-1d52-4c30-8c5a-c7fa01f705a1	DEL-JANAKPURI	28.621729	77.082744	Delhi	Delhi
4f0e57e8-9610-41b9-acb0-efe2cd7eb7d9	DEL-Janakpuri Network	28.630866839140335	77.08216796334901	Delhi	Delhi
4954030c-39da-4fc6-8e33-c880095cc345	DEL-Jangpura	28.5774712	77.2598391	Delhi	Delhi
5d8ec059-9f5f-4867-8520-b232a1ebde3d	DEL-Janta Market	28.6409342	77.12115066	Delhi	Delhi
8628a7a0-4fb1-4002-95d3-f5ab2061181f	DEL-JASOLA VIHAR	28.54523037006522	77.29151914019407	Delhi	Delhi
266fb1d0-6495-4f65-9bcd-f03b54724799	DEL-Kalkaji Network	28.52276	77.261513	Delhi	Delhi
84f9975d-cc19-4d21-aa76-43e3aab9779a	DEL-Kalkaji New	28.5449	77.2623	Delhi	Delhi
e1befcff-e3d0-4fce-929c-50b9b6ae296f	DEL-Kalyan Vihar	28.687703	77.195064	Delhi	Delhi
70bbc5c2-af73-43f1-a5ee-e76a9ca9019f	DEL-Karol Bagh Main New	28.65133441478413	77.19587294345668	Delhi	Delhi
b8d61fbc-eb4a-4836-b785-e3b63aa3fa62	DEL-KAROL BAGH NEW	28.6491675	77.1629135	Delhi	Delhi
f70fa1be-1eea-45a4-a692-219b12d85b24	DEL-Keshopur	28.648392	77.07913	Delhi	Delhi
3072e208-7b9a-4821-a000-e121ba8a43fa	DEL-Khanpur	28.500805	77.235137	Delhi	Delhi
65b4f18b-34d3-43f7-a3ce-361471b15345	DEL-Khizrabad	28.572	77.2759	Delhi	Delhi
c2c05ffc-0eb1-4164-86cc-49cb1271d92a	DEL-KIRTI NAGAR	28.654999	77.143668	Delhi	Delhi
4ba5f414-34e0-442c-938e-ef76fc9804bf	DEL-KIRTI NAGAR NETWORK	28.639074325561523	77.1297836303711	Delhi	Delhi
656bef79-0f91-45cd-9f93-8fedf1a932ce	DEL-Kirti Nagar Network-2	28.6618098	77.1528689	Delhi	Delhi
ebc222f1-119b-457b-a137-3a4cfa10c571	DEL-Kondli	28.6103954	77.32689332	Delhi	Delhi
5cad640b-fe79-43bb-aac2-849733defb55	DEL-Krishna Market	28.5756389	77.2426667	Delhi	Delhi
17a221cb-335d-4a8c-a04a-694435f615c3	DEL-Laxmi nagar	28.6284691	77.2784406	Delhi	Delhi
73952e1c-38a1-40a3-b71f-a4150849ee52	DEL-MAHAVIR ENCLAVE	28.606888	77.081238	Delhi	Delhi
9550ef6d-d1b6-4eb1-b379-580404d9c1d3	DEL-Mahavir Enclave Network	28.598741	77.091854	Delhi	Delhi
96a968d7-aca7-4b78-9302-ef72fbb1cc57	DEL-Mahipalpur	28.544371	77.128642	Delhi	Delhi
da285a58-89f2-448e-b5d7-dddce15e9bba	DEL-Malviya Nagar Network	28.537299	77.207585	Delhi	Delhi
321b0b48-7137-4832-ab17-f131421bdb78	DEL-MALVIYA NAGAR NEW	28.535521	77.223434	Delhi	Delhi
c70d824a-414c-4204-8ae3-d3f6bac461b4	DEL-Maurya Enclave	28.7058083	77.1428676	Delhi	Delhi
42d58798-26cc-429a-aea6-92dbbecae776	DEL-Mayapuri	28.624069	77.118918	Delhi	Delhi
0c865653-8eac-4a33-900c-d2ed7f3c0477	DEL-MAYUR VIHAR	28.6088517	77.2936104	Delhi	Delhi
dc8d6b1b-1d01-46bd-809c-606fca125ab1	DEL-Model Town Network	28.704421	77.195459	Delhi	Delhi
433bb54d-7e04-4f91-ac03-bee784a3102c	DEL-Model Town New	28.71557412543001	77.20820162479627	Delhi	Delhi
4b54927e-5c54-4564-8c9f-1e518e6488e3	DEL-Munirka	28.556305	77.173222	Delhi	Delhi
ac3b884c-75d1-48a6-b477-0a0782cf19b4	DEL-Najafgarh	28.6119975	76.9890681	Delhi	Delhi
31a8b99d-0d1a-4f32-a367-e6cf62bb8603	DEL-Nangloi	28.661143	77.084335	Delhi	Delhi
bc4b39b0-c1c4-4b68-aef5-076a323e8cf4	DEL-Nangloi Extension	28.678831	77.065048	Delhi	Delhi
c73b0824-ac1e-43eb-98e4-ed5b849a651b	DEL-Narela	28.8531944	77.1017222	Delhi	Delhi
c620a3ce-ee2e-493f-a83d-5555531fd861	DEL-Neb Sarai	28.506309	77.198648	Delhi	Delhi
49d9df40-6b3b-4f3e-ad7d-bda18f57d419	DEL-New Mustafabad	28.71099	77.262043	Delhi	Delhi
08d249a3-3f40-428b-8ec5-cd9beb33ed41	DEL-Nirman Vihar	28.641917	77.28227	Delhi	Delhi
6e87b960-71e6-414e-b6f7-55d08e324811	DEL-Om Vihar	28.621997	77.05271	Delhi	Delhi
c46cc946-f7eb-4f5b-aaff-cf6fdcba6618	DEL-Paschim Vihar	28.669035	77.104414	Delhi	Delhi
3325a4aa-354c-4c9a-9230-178cbb4286f6	DEL-Pitampura network	28.716004	77.134997	Delhi	Delhi
57fbfbc2-6ec0-4465-aff3-81e771faf303	DEL-PITAMPURA NEW	28.690002	77.134438	Delhi	Delhi
05d5e1df-5159-4484-8322-87e02e4655c3	DEL-Punjabi Bagh	28.67441058	77.12299817	Delhi	Delhi
1c3ca061-43e6-4119-85c3-76e51106a606	DEL-Qutub Vihar	28.584987539667665	77.00953360959485	Delhi	Delhi
1585f304-7c1d-404d-b925-84bd48e90433	DEL-Rajapur Khurd	28.634025	77.03862	Delhi	Delhi
08562d04-1972-4d6f-819c-4111321529e6	DEL-Rajapuri	28.603142	77.057077	Delhi	Delhi
852818aa-dfa5-4943-b2b5-1cd51c26bdd5	DEL-Rajauri Garden Network	28.653296	77.11833	Delhi	Delhi
a122a7fb-b822-45b5-adb5-c92ed4661980	DEL-Rajinder Nagar	28.643	77.1848	Delhi	Delhi
05c5bd1a-d9b2-4ea3-848c-d8ae96b1d04a	DEL-RAJOURI GARDEN NEW	28.642622024719767	77.10423886866187	Delhi	Delhi
7e586f3d-8e30-4859-8851-4476b8a965f4	DEL-RK PURAM	28.567889	77.189055	Delhi	Delhi
1edbc6f5-f8dd-4dd0-9555-a8a5d90dd2d7	DEL-ROHINI Sector 15	28.731067	77.133079	Delhi	Delhi
56c431da-a864-4121-be49-15e003139701	DEL-ROHINI Sector 15 Network	28.743214	77.123118	Delhi	Delhi
ad2daf79-44db-459d-9a45-d7807b5b37a2	DEL-Rohini Sector 21	28.71142	77.06297	Delhi	Delhi
f2e8316d-0937-4104-bae3-a24d608bb09c	DEL-Rohini Sector 23	28.722539854750796	77.08796346722174	Delhi	Delhi
261b9c45-eb5b-4398-be1c-909ccde6f629	DEL-ROHINI SECTOR 3	28.697833	77.114542	Delhi	Delhi
a7a8db9f-5860-4635-9e4b-8b3aba6526e4	DEL-Sagarpur	28.608631	77.098019	Delhi	Delhi
da5125c1-14c6-4407-b8a3-7e2749ecbc51	DEL-Samaypur	28.755682	77.148151	Delhi	Delhi
f02ef084-eab2-4651-8168-a4814b97ca06	DEL-Santnagar	28.747121	77.197725	Delhi	Delhi
93cd2e82-b141-41bc-91c5-2805396da43d	DEL-Sarita Vihar	28.537425	77.296626	Delhi	Delhi
b8aed0f4-59e0-4387-825d-406800150b71	DEL-Shahdara	28.689378	77.273315	Delhi	Delhi
7e7b4df8-a5a1-4acb-9aa4-b5ecf86a6f2b	DEL-SHAKTI NAGAR	28.684013	77.196556	Delhi	Delhi
32ac84e0-0a29-4c1f-865a-c33780173389	DEL-South Extension Network	28.562692106706074	77.21138522493747	Delhi	Delhi
73b0c599-728d-4642-a0e3-1e5b68836327	DEL-South Extension New	28.573257	77.228054	Delhi	Delhi
4de81c28-7ac9-4ad6-80e4-b812ed475261	DEL-Sultanpuri	28.695932092689418	77.05831739607602	Delhi	Delhi
d13c1520-9614-4788-940b-b94ebdfa434f	DEL-Tri Nagar	28.68250501623302	77.15278932491124	Delhi	Delhi
5c5665dc-dc3a-4a6e-9829-acecadfe49d5	DEL-Trilokpuri	28.598169	77.300041	Delhi	Delhi
2fa35ecf-4334-4ec6-b6de-5bae11a3dbf7	DEL-UTTAM NAGAR NETWORK	28.61611894164267	77.04690489610358	Delhi	Delhi
6118ee4c-ee70-4b20-b071-f8e5e39fb7be	DEL-Uttam Nagar New	28.61748993009441	77.06902674029908	Delhi	Delhi
5ebdb9c0-59e0-436c-9e67-5594e00a45af	DEL-VASANT KUNJ	28.5251672	77.1545416	Delhi	Delhi
01e98a7e-46d7-48f1-bbcd-8e864116e992	DEL-Vasant Kunj 2	28.514304	77.164948	Delhi	Delhi
b5c0eebd-0709-4d34-9530-d4540f4db62f	DEL-Vijay Vihar Phase 2	28.707438540041867	77.1009929175267	Delhi	Delhi
aa443b4b-bf3b-499c-a846-bf5196d444ae	DEL-Vikaspuri	28.638731	77.070444	Delhi	Delhi
7841c1f4-64bf-4c81-824f-c5369ead251d	DEL-Vishnu Garden	28.6517848	77.092152	Delhi	Delhi
f429e749-364b-480a-a86d-b3bd2c0d6620	DEL-Wazirabad	28.729064	77.220285	Delhi	Delhi
2522b064-b9af-4967-9c41-2bfffe8786d3	DEL-WAZIRPUR	28.7022786	77.1674819	Delhi	Delhi
f36075d2-40c9-4e63-a9d0-4fe36b2ca31f	DEL-Wazirpur Network	28.720401	77.167386	Delhi	Delhi
ba2cb65a-11fb-4ee4-be80-c0c185b55185	AHM-Gandhinagar	23.18456130179678	72.63125414300609	Ahmedabad	Gujarat
46b54f69-c5ff-4595-934d-3d98fbf33ec0	AHM-Gota	23.097435	72.541955	Ahmedabad	Gujarat
ed86e5ce-e9c9-489b-8371-b4c1543b8758	AHM-Jagatpur	23.109884	72.55066	Ahmedabad	Gujarat
863ee650-1df1-418c-a988-2a64f2c555e3	AHM-Makarba	22.996323348907378	72.51094979729855	Ahmedabad	Gujarat
4ef0ca3e-626a-4770-8efe-9eda4c147b0b	AHM-Motera	23.11021444742525	72.60519543707521	Ahmedabad	Gujarat
e4bfd8b0-11a9-475c-b34e-a4c43cbafe65	AHM-Nandanbaug	22.997339	72.467201	Ahmedabad	Gujarat
dc62c1e8-21cf-4d94-920d-e5e08a110322	AHM-Navrangpura	23.040506654508405	72.55775172541642	Ahmedabad	Gujarat
35225fcb-30cc-4ab8-939b-a0a5e0887285	AHM-New North Bopal	23.034127	72.472844	Ahmedabad	Gujarat
5c720bb8-ef8e-45c7-a249-be01de180a15	AHM-New Ranip	23.0881521	72.56212356	Ahmedabad	Gujarat
e8906fc6-3925-4713-bca4-3388408415d9	AHM-Nikol New	23.044102	72.672668	Ahmedabad	Gujarat
5690bc28-515a-4020-96a6-1e33718b8fb3	AHM-Nirma University	23.13125	72.55217	Ahmedabad	Gujarat
594e08e1-87d1-4502-9e92-182e895a6c0c	AHM-Paldi	23.016747	72.566938	Ahmedabad	Gujarat
6e46b50c-08d0-49c8-a89a-4d29ce4ed370	AHM-Shantigram	23.150297005156638	72.54099093167065	Ahmedabad	Gujarat
37abf3a3-594f-4498-97df-be8059e950d4	AHM-Sola	23.0794562	72.5073023	Ahmedabad	Gujarat
1105d3fb-0556-4f7e-bd83-416274e9924a	AHM-South Bopal	23.018280457877065	72.466329471448	Ahmedabad	Gujarat
9c6fce71-3aec-455c-969f-075ba74fa0d5	AHM-Sundar Nagar	23.047321	72.558009	Ahmedabad	Gujarat
885c5a49-6ecc-47fa-ac1e-87310b08de65	AHM-Thaltej	23.046357348085174	72.5042132571951	Ahmedabad	Gujarat
be8c29f7-cb07-48e2-8239-5df581ba541b	AHM-Tragad	23.117458329980906	72.56342716643466	Ahmedabad	Gujarat
84bf9085-f4e6-4c8c-9cf6-9876beafada3	AHM-Vastral	22.992198163198875	72.65352630625945	Ahmedabad	Gujarat
a1b25791-8117-4059-bb44-cb57a42bd7be	AHM-Vavol	23.2301111	72.6193889	Ahmedabad	Gujarat
71e632bb-df6a-45e2-9fa2-08fa0f5cdbe9	AHM-Vraj Vihar 3	23.01690221833235	72.51887676865417	Ahmedabad	Gujarat
20e1fb39-8704-49ca-8bf1-6de8f4040084	MEH-Hub Town	23.592901	72.381096	Mehsana	Gujarat
836c17f0-d2b2-4ec1-9a02-5365d6cac742	RAJ-Madhapur	22.318789	70.768574	Rajkot	Gujarat
64ad2a25-3ff0-4a5a-b168-6b1593e38467	RAJ-Mavdi	22.255898	70.783322	Rajkot	Gujarat
d2020a3b-0420-4886-8c55-3128f6a3f592	SUR-Adajan	21.19389953	72.78632357	Surat	Gujarat
62648dc2-e2ea-48d9-8d26-314169b943ac	SUR-Amroli	21.24244118	72.85200981	Surat	Gujarat
b13fc494-3fe6-4797-a8e5-1038a797140d	SUR-Bharthana	21.14264562	72.77300274	Surat	Gujarat
2cad2a10-1a07-4006-971e-6b305738e8e4	SUR-Bhimrad	21.135340187662283	72.79504846696098	Surat	Gujarat
21217c69-8530-4f00-9366-e96ab493bfe8	SUR-City Light	21.170115	72.780632	Surat	Gujarat
a08faf0a-3921-4ebd-a076-a551e2a9c91d	SUR-Dindoli	21.14583	72.87778	Surat	Gujarat
4eeabcee-900c-419e-a2bb-102bbb205c7a	SUR-Gopipura	21.187722	72.830603	Surat	Gujarat
5c849951-0ba3-4878-9b29-eb2d3ef252eb	SUR-Majura Gate	21.173552	72.823647	Surat	Gujarat
8ea7989c-7d2a-4093-9713-a17b6c3d9bc8	SUR-Mota Varacha	21.23775	72.87485	Surat	Gujarat
8377168d-5d92-4937-943c-75dff1ed8575	SUR-Palanpur	21.20437036	72.76941507	Surat	Gujarat
ffa16021-e499-4c0b-80b1-aabca4b46cfd	SUR-Sarthana	21.23775161	72.91002749	Surat	Gujarat
ebc8fa1c-02ba-4a0a-a544-0854ce8beead	SUR-Tadwadi	21.2101866	72.7951279	Surat	Gujarat
e7cfb807-6977-42cb-90de-2a3a2527d6c3	SUR-Yamuna Nagar	21.18644	72.85862	Surat	Gujarat
1a376afe-b235-48a4-9153-b33342739fd9	VAD-Alkapuri	22.30942135	73.16868421	Vadodra	Gujarat
1bbb2d45-ee2a-40b6-9f0b-c451b7960651	VAD-Gotri Road	22.31624439	73.13118508	Vadodra	Gujarat
3c0de1fa-d7b5-4cef-b867-cad33562463c	VAD-Harni	22.313686979935497	73.2380834097607	Vadodra	Gujarat
007c5273-56fd-4f81-a8e6-69d2e0db52b4	VAD-Karelibaug	22.341301	73.20376	Vadodra	Gujarat
e5eedfad-51fc-488d-9061-f56ebaed8440	VAD-Panchvati	22.3321412	73.14433546	Vadodra	Gujarat
a12779ec-72d7-4af2-b557-8d8d70e92679	VAD-Tandalja	22.288164	73.1352	Vadodra	Gujarat
accc8ada-86f9-48fe-9d7a-098000985bee	VLD-Abrama	20.59228369	72.94433162	Valsad	Gujarat
7a6201d1-93ae-4a45-bdb1-fbf73c1255a8	AMB-Arya Nagar	30.337112	76.864876	Ambala	Haryana
4d46d4dc-88d1-45b8-9a46-0e87a8097b38	AMB-Sector 7	30.373785	76.782179	Ambala	Haryana
3d277bf6-7a5f-498a-a956-56fd8ab9ef82	FBD- NIT	28.3858894	77.2895509	Faridabad	Haryana
8f4404df-c3e2-4a76-9e9c-ade81e757c3e	FBD- Sector-16	28.412155	77.314736	Faridabad	Haryana
24419582-74c5-42eb-b56b-2ae54181e752	FBD-Ballabgarh	28.347248	77.336472	Faridabad	Haryana
ccb84935-4941-4c2f-a0cf-a65d8a6cf57a	FBD-Charmswood	28.48821898552895	77.29025716721321	Faridabad	Haryana
6a871d62-f77e-41ca-bd6e-b9754de4a90b	FBD-Greenfield	28.461109	77.28316	Faridabad	Haryana
b463b5a9-6661-4ee9-b58b-03b285ac536e	FBD-NIT 2	28.4040795	77.2994235	Faridabad	Haryana
04c98d7c-c6bf-41f6-8d43-dc50e7c0edb1	FBD-Saini Mohalla	28.3270814	77.3357423	Faridabad	Haryana
77d27ceb-e171-4aa5-bd86-58c0e8bf7512	FBD-Sainik Colony	28.396046	77.267029	Faridabad	Haryana
425e3ad2-0f08-4dbb-b90b-c892dc41be83	FBD-Sector 10 New	28.375138	77.327767	Faridabad	Haryana
48c6fc6b-daa9-4795-a1d7-a1a424e74009	FBD-Sector 31	28.439545	77.310188	Faridabad	Haryana
33879b19-7a4e-41bd-86d5-66402c04dd03	FBD-Sector 37	28.474780355376026	77.31043552488404	Faridabad	Haryana
19a99791-6f27-4c54-a851-62d3a7d0884c	FBD-Sector 55 Huda	28.3486	77.2926	Faridabad	Haryana
2398d252-ec15-485b-bd2f-2b03432ea794	FBD-Sector 79	28.389159	77.36254	Faridabad	Haryana
fb48fc60-af3a-421b-9cce-928e2c0cb95f	FBD-Sector-21	28.420583	77.287403	Faridabad	Haryana
1aeea608-4e80-48a1-9c8a-0d0ac28eb876	FBD-Sector-86	28.411383	77.347755	Faridabad	Haryana
225cd095-2106-490a-81c8-de5faa97ac65	GGN - SUN CITY	28.425148	77.105662	Gurugram	Haryana
ebc97fa4-aae3-4ece-9ce9-8025aa679e49	GGN- Hayatpur	28.421887	76.934209	Gurugram	Haryana
b2daed2f-9d3a-495a-a005-a0b0bc04a445	GGN- Sector 82	28.3990884727463	76.9545225423292	Gurugram	Haryana
bcfaff62-217e-4fab-b8cd-a89d81ccfc4a	GGN-Ardee City NEW	28.422124	77.090524	Gurugram	Haryana
9062036c-d6b8-4291-ae86-775d46774b56	GGN-Daruherra	28.207636	76.803185	Gurugram	Haryana
58d6551e-edf2-48df-828c-7deb5a25033f	GGN-Gwal Pahari	28.424121519044846	77.14675740957874	Gurugram	Haryana
dbce85ee-e3de-44b6-994d-72bc38c63389	GGN-Manesar	28.361335	76.949587	Gurugram	Haryana
d8507dc4-e2dc-4b97-96f6-c7d285da48bf	GGN-Maruti Kunj	28.36132554	77.08228446	Gurugram	Haryana
cb64eb92-03c1-452a-b98d-2582d7818f74	GGN-Nathupur	28.487138	77.099425	Gurugram	Haryana
fd647cf6-e1e8-417e-b2ce-e3f9cb4fbb4f	GGN-Palam Vihar	28.503209	77.031636	Gurugram	Haryana
5f095060-a46f-4e99-bc08-1f410caccc72	GGN-Palam Vihar extension	28.4954722	77.06075	Gurugram	Haryana
9bfb7127-8a86-4de2-968a-e7cd9d1b8d51	GGN-Palam Vihar Network	28.515994	77.038629	Gurugram	Haryana
fee9d74d-9384-4a9d-9325-d4bdf7ee2ffb	GGN-Sector 102	28.4748083	76.9626118	Gurugram	Haryana
005dcc9a-d50c-442f-ae5e-f89f35d1a01a	GGN-Sector 104	28.493103	76.998031	Gurugram	Haryana
c2e46a52-b65f-4fbe-8332-06856db49e25	GGN-Sector 10A	28.44296713318302	77.0106543537185	Gurugram	Haryana
5858e2d0-74e9-4250-bdca-c6949282438b	GGN-Sector 112	28.512795	77.012309	Gurugram	Haryana
6596a71b-54df-4556-9119-7de895a9c300	GGN-Sector 12 network	28.4789007	77.0249138	Gurugram	Haryana
48a75423-507c-4e6d-8eaa-603c77f48b05	GGN-Sector 12 Network-2	28.45482	77.03863	Gurugram	Haryana
105471df-6c84-4bcf-87d7-d9308fd4df4a	GGN-Sector 14	28.479793	77.04665	Gurugram	Haryana
4db16931-a992-4b6a-805d-be5d594941ba	GGN-Sector 24 New	28.49603	77.109233	Gurugram	Haryana
1c31b7f9-1213-49ea-8346-4879856906a4	GGN-Sector 27 new	28.46331087447503	77.09432046322249	Gurugram	Haryana
de5f724c-2832-47fb-b811-d0cdcc00157d	GGN-Sector 28 New	28.4771596595005	77.08482975373951	Gurugram	Haryana
19196ae9-a62a-4eee-a6c3-b6243c9b3f01	GGN-Sector 37	28.455115	76.990607	Gurugram	Haryana
f234bb80-5551-416a-ac32-e3734ecd6258	GGN-SECTOR 38	28.434254	77.047958	Gurugram	Haryana
e9aae2cf-8473-4e4c-ba53-3aa73354576c	GGN-SECTOR 39 NETWORK-3	28.459997	77.057077	Gurugram	Haryana
d56e42a4-7150-4aa4-b7fc-84f9caa43963	GGN-Sector 39 NETWORK-4	28.427366761688525	77.04595329604659	Gurugram	Haryana
90f2f25e-b21f-4999-957f-a96a81f01dfb	GGN-SECTOR 39 NEW	28.444382	77.05648	Gurugram	Haryana
607dfe88-5e9b-4db8-bfb0-73bea3e8fb54	GGN-Sector 4	28.473274169570516	77.00347273715278	Gurugram	Haryana
4e5abfcd-fda7-4e76-8f19-96ef2c343491	GGN-Sector 41 New	28.455740263352	77.06236286719512	Gurugram	Haryana
82dffafa-bf7f-4752-a0b2-561dc1349c4a	GGN-SECTOR 49	28.410107	77.051341	Gurugram	Haryana
96348a97-316b-4e61-963d-05f9827366de	GGN-Sector 51 New	28.425944	77.065083	Gurugram	Haryana
1b66cb9f-a71a-4a96-896f-a420974a2b32	GGN-Sector 52	28.435337	77.078114	Gurugram	Haryana
2e591664-44a8-491a-9add-0af20446f0cc	GGN-SECTOR 53	28.44344	77.09568	Gurugram	Haryana
02d2c306-7699-434b-947e-88c99afc54f9	GGN-Sector 62	28.4051193	77.0920438	Gurugram	Haryana
760bb995-e9d4-4372-8a03-6d34c08cec8d	GGN-Sector 66 Network	28.394653	77.073013	Gurugram	Haryana
5d205066-36a5-4929-982a-7571c60f876b	GGN-Sector 69 New	28.394773834240418	77.03515905894716	Gurugram	Haryana
14f1a8ec-192a-49d1-95fd-514b5e14f919	GGN-Sector 70 A	28.38621	77.02198	Gurugram	Haryana
00f978ab-683f-435d-8a45-f1a3c4dac568	GGN-SECTOR 71	28.41196	77.02917	Gurugram	Haryana
0a493c16-c8cc-4f45-a02c-51e7b1328f53	GGN-Sector 77	28.388886	76.985281	Gurugram	Haryana
40632fc7-b3f8-4ebc-b2e7-db803accef4e	GGN-Sector 79	28.35374108955676	76.97115270953702	Gurugram	Haryana
e09e8bac-2aad-4634-9d2c-d19833956f3a	GGN-Sector 86	28.394882	76.933179	Gurugram	Haryana
6917bb0a-e50f-4a8e-99aa-5d1cc6bed71a	GGN-Sector 95	28.410694	76.90725	Gurugram	Haryana
f5e682bc-1124-4bcf-8fca-734bd8b59d7f	GGN-Sector-12 New	28.469519	77.034067	Gurugram	Haryana
53e2e572-473e-4948-a71f-02590a60f747	GGN-Sector-45	28.44781985	77.06840927	Gurugram	Haryana
9a51d2b1-9708-4648-a294-0f5a5909cf5a	GGN-Sector66	28.40211	77.059	Gurugram	Haryana
6c3a340a-8c23-4518-95ff-4e7aebe0ff6a	GGN-Sohna	28.2523	77.0713	Gurugram	Haryana
2809502a-1c2c-4305-9b1d-f00d75bf65c3	GGN-Sushant Lok	28.45309149	77.08238304	Gurugram	Haryana
baa090fc-be13-4b34-87c5-2aea256fd4c4	GGN-Udyog Vihar New	28.506127	77.069438	Gurugram	Haryana
1879c01a-f20c-4987-9ce4-0f47f75ad4f9	GGN-Vatika City	28.400079	77.044423	Gurugram	Haryana
9cdc6807-1add-4e75-887d-8c8b32b7fc7e	HSS-Krishna Nagar Colony	29.13709405	75.73790241	Hisar	Haryana
3c3b76e0-4877-4bf6-b555-4d50d5058a5b	KNL-Saini Colony	29.696914	76.99549	Karnal	Haryana
51e91140-ab27-4854-959e-b8e0b9b50b3b	KNL-Vikas Colony	29.668816	77.008948	Karnal	Haryana
b3304ce8-554f-455c-a62d-7a52f82ef223	KUR-Sec 7	29.9697222	76.8808056	Kurukshetra	Haryana
77f731b8-a268-437a-b89c-7356dda3e298	KUR-Sector 17	29.965591	76.840957	Kurukshetra	Haryana
0bbd1898-6621-47bd-b806-7e5b822f0fc7	PNK-BUDANPUR	30.682151	76.844366	Panchkula	Haryana
68072b30-73d7-493c-8d6f-a61998fba1d8	PNK-Sector 20	30.669965167876665	76.86020635185898	Panchkula	Haryana
317f08d2-bf42-40ce-b4b9-2a1dd60dcbfe	PAN-Gol Market	29.3868768	76.9584232	Panipat	Haryana
c05fc241-12e3-417b-aa15-a13ecfc60122	PAN-Sector 18 Huda	29.43842	76.97276	Panipat	Haryana
c9b29da7-6062-41cf-9c31-ddd073e447ba	REW-Sector 4	28.179775	76.628566	Rewari	Haryana
2b25b1fd-8ab2-4065-9f8b-caef224c087c	SON-Kundli	28.900177	77.117607	Sonipat	Haryana
c3782040-688b-468c-8ccd-f989668f3db9	SON-TDI City	28.997311097243916	77.02626879606761	Sonipat	Haryana
ac3f4c36-1bc5-4305-b093-f3100f7877ed	BEL-Khanapur Road	15.8347758	74.50261744	Belgavi	Karnataka
3c4c217e-1efd-4915-ada7-22f94230bae6	BEL-Sector 12	15.8796111	74.5268611	Belgavi	Karnataka
6047c8fe-15ed-4c61-8d3e-060e800702f5	BLR - Bhadrappa Layout	13.04753257586126	77.57837342971322	Bengaluru	Karnataka
5400933d-3c5d-4015-a767-daed27781a0d	BLR- Sonnenahalli New	12.961701188648865	77.49901481825137	Bengaluru	Karnataka
bf1b6356-328b-4cfa-840e-0b555dab374f	BLR-27th Main Road	12.92066697	77.64927694	Bengaluru	Karnataka
68c16fa4-b598-4f88-a656-a573186596c7	BLR-Abbigere	13.074063	77.519827	Bengaluru	Karnataka
3f1d2280-a5ff-48c0-a1fa-470988df7803	BLR-Agrahara Road	12.931722	77.682389	Bengaluru	Karnataka
595183e5-c95f-451c-82b4-38f2de65cd09	BLR-Anjanapura	12.860349480598778	77.54171840613785	Bengaluru	Karnataka
a9270a93-3b09-47de-a1f0-b24dda248a6f	BLR-Arekere	12.885917	77.6083204	Bengaluru	Karnataka
6e2378a8-458e-4aff-b783-80685cf86a43	BLR-Aswath Nagar	12.950734	77.697838	Bengaluru	Karnataka
90fc9dad-9c9d-4a35-8cda-ef07da7811ef	BLR-Avalahalli Main	12.946167	77.549333	Bengaluru	Karnataka
e749e734-9e20-4090-b5c3-a66ed53b5e23	BLR-Bagalakunte	13.06371941	77.50432545	Bengaluru	Karnataka
9a06ad35-7abd-4a32-bb2d-ae5a46fb3620	BLR-Bagalur	13.12263575	77.62344754	Bengaluru	Karnataka
d23be55e-2fd8-41d4-8926-71db05186604	BLR-Banashankari Network	12.915521644634618	77.54569119949274	Bengaluru	Karnataka
7ecd44a0-e376-4404-ba72-0210469bce81	BLR-Banashankari New	12.938726	77.539149	Bengaluru	Karnataka
b91d4052-6ea1-4b97-9aba-d6a642735146	BLR-Banjara Layout	13.03608037	77.66570773	Bengaluru	Karnataka
ff1fc8e6-9f22-4c75-b7cf-15a5bd19be91	BLR-BANNERGHATTA	12.87747	77.60264	Bengaluru	Karnataka
eeea2403-3a6e-49b7-874b-3d8743ef3cd8	BLR-Bannerghatta Network	12.865913287820057	77.59627360901976	Bengaluru	Karnataka
5678bc9a-0e9e-4d5e-a78c-4b418df692eb	BLR-Bannerghatta Network 2	12.86837	77.61872	Bengaluru	Karnataka
0a5e41a0-7252-43f6-9e8f-9a1e5d48ddd3	BLR-BASAVANAPURA	13.015649	77.70943	Bengaluru	Karnataka
9fb087cf-076d-40a0-b974-8d26eaa69f44	BLR-Basavanapura Network	13.00442	77.72122	Bengaluru	Karnataka
97bf23f5-dc0c-4783-ba7d-9d6da842066b	BLR-BASAVANAPURA NETWORK 2	13.032066609543769	77.70806468564933	Bengaluru	Karnataka
e58fff62-7695-44c2-aba0-6bc96074bc64	BLR-Belathur	12.9996667	77.7464722	Bengaluru	Karnataka
0f5f31f2-f764-498a-9cc5-606cf82f4f2e	BLR-BELLANDUR - 2	12.919105937453649	77.6969531187559	Bengaluru	Karnataka
ff1faef1-3d57-48e0-acce-b6fa68b925e1	BLR-Bellandur 6	12.92153068	77.6778849	Bengaluru	Karnataka
5ac90c68-3608-41c5-b3e3-dc59ff0f0a91	BLR-Bellandur new	12.928560975999732	77.67066436231032	Bengaluru	Karnataka
9eebbbc9-3fb9-45c1-ab71-312606cf9852	BLR-Bellandur-3	12.938280969883664	77.69546769982958	Bengaluru	Karnataka
320121c9-8af7-4921-9eea-5c456b7a900d	BLR-BELLANDUR-4	12.948843115360793	77.68669714487676	Bengaluru	Karnataka
047c3539-e3a3-4996-bd0b-71182aee7b00	BLR-Bellandur-5	12.929433	77.704772	Bengaluru	Karnataka
58c8d052-7d22-4240-a853-91638fbc3736	BLR-BEML Layout	12.91703243	77.49891252	Bengaluru	Karnataka
266f0f16-dcf8-4ab0-bbfb-2860b57c3c9b	BLR-BHADRAPPA LAYOUT NETWORK	13.05902074	77.58133229	Bengaluru	Karnataka
6762f1e3-7f70-4aad-b8fe-8cfde4d37730	BLR-Bommasandra	12.8321446	77.69085963	Bengaluru	Karnataka
3a44ca1a-adde-4f8e-9e0c-613a98d348b7	BLR-BROOKEFIELD	12.98497	77.71066	Bengaluru	Karnataka
75946a5e-942e-4db1-9e7c-5fe2eb85088b	BLR-Brookfield Network	12.99616854	77.69103524	Bengaluru	Karnataka
03b26203-507f-4489-b0ff-b34eb42a2215	BLR-Brookfield Network-2	12.9951836	77.7201213	Bengaluru	Karnataka
796c71f3-568e-4d6d-8767-87285ad4f23a	BLR-BTM Layout Network-3	12.92504226	77.61740928	Bengaluru	Karnataka
87743594-26c0-495e-a18c-3ef545edcc37	BLR-BTM LAYOUT NEW	12.9266331	77.60991496	Bengaluru	Karnataka
40382f4d-61eb-4e99-9a0f-201fd9926f40	BLR-BTM-2	12.9117795419901	77.6031987740639	Bengaluru	Karnataka
29b4c8b1-587b-497c-b4d9-bd2177fefb34	BLR-BTM-3	12.89932425	77.60549641	Bengaluru	Karnataka
37531a1f-495c-4f67-bd1e-e3a6158fbf10	BLR-Budigere Cross	13.063784	77.741966	Bengaluru	Karnataka
16755fdd-f32e-40f1-a39b-397bc73f7e5d	BLR-Carmelaram	12.908522	77.71151	Bengaluru	Karnataka
5f97e876-bbea-4c00-8df2-2005db7db8dc	BLR-Challakere	13.02629	77.64364	Bengaluru	Karnataka
300a1056-ad32-430e-b5e4-41624b0494ed	BLR-Chamrajpet	12.960098	77.559489	Bengaluru	Karnataka
e6ebaf4d-7f47-44bd-bb8f-f7ab1e884191	BLR-Chandapura	12.78979486	77.70420581	Bengaluru	Karnataka
4f54ea62-0269-4b93-87cd-ef7ed796c6b1	BLR-Chickpet New	12.95477912	77.57899927	Bengaluru	Karnataka
ff56ec59-36c7-41a0-ab98-1a3390126da5	BLR-Cholayanakanalli	13.02922	77.59377	Bengaluru	Karnataka
631ed664-2717-487d-9979-1e294b7a1b4e	BLR-Choodasandra	12.8821174	77.6733285	Bengaluru	Karnataka
2fc208e2-13ec-407a-b947-51c8fe777f71	BLR-CV Raman Nagar Network	12.996864	77.673218	Bengaluru	Karnataka
ba537e2f-5d2b-460c-8e18-adedaea3a91f	BLR-CV Raman Nagar Network-2	12.96657501	77.67172065	Bengaluru	Karnataka
cd653888-0a9a-4251-8d70-7df4c8c2f22a	BLR-CV RAMAN NAGAR NEW	12.979059012726024	77.67836865767072	Bengaluru	Karnataka
eac97b88-bf27-4af5-95ed-15d85d8236c8	BLR-Dasarahalli	13.051424	77.607561	Bengaluru	Karnataka
996c6a91-1fd7-46cc-9ccc-f0960c219aaf	BLR-Devanahalli	13.238848306938568	77.72347675621086	Bengaluru	Karnataka
d5da3809-1327-4050-b59b-43342ea74482	BLR-Doddakannelli	12.90605	77.697337	Bengaluru	Karnataka
137b1539-52bc-4840-8bfe-4d71dceb8bb6	BLR-Doddathoguru	12.846654	77.644318	Bengaluru	Karnataka
70587079-1b46-4f4e-85fa-e84acebcd919	BLR-Dooravani Nagar	13.01020348	77.66771313	Bengaluru	Karnataka
dbf340e3-54d9-4842-98da-e11d23d7e3ac	BLR-Electronic city network	12.8373766	77.64362247	Bengaluru	Karnataka
416b9549-1413-435d-b08b-1d150131f6cd	BLR-Electronic City Network-2	12.85202043	77.65224877	Bengaluru	Karnataka
044a06cd-5792-44a6-be6b-d5747683349b	BLR-Electronic City New	12.836100229150532	77.66492453268076	Bengaluru	Karnataka
f0ee4637-9124-43be-a8af-025edb341570	BLR-Golahalli	12.864209	77.569285	Bengaluru	Karnataka
34404f78-ff38-402a-a367-29b31e477ca3	BLR-Goraguntepalya	13.02475	77.537306	Bengaluru	Karnataka
43dc610a-b80c-43e1-ac35-2d899d88795d	BLR-GUNJUR	12.9286633	77.7380822	Bengaluru	Karnataka
e044093d-2a02-4fd7-a1e9-5542edbe746a	BLR-GUNJUR Network	12.93949838	77.72908936	Bengaluru	Karnataka
2a03ca86-cefc-4372-b2e8-eb577889f48c	BLR-HBR Layout	13.036634185632465	77.62425877563467	Bengaluru	Karnataka
c48dd700-4314-4cc1-bffa-e1344e0298dc	BLR-HEBBAL NEW	13.0324086	77.61231342	Bengaluru	Karnataka
7a00b962-e558-4d95-9d23-98060c62152b	BLR-Hegganahalli	13.007886	77.506191	Bengaluru	Karnataka
2d36aa4d-f410-4fd9-8b9b-cbfd02460e51	BLR-Hennur New	13.03859871	77.64591263	Bengaluru	Karnataka
93891814-819c-4e05-95a9-48ba1696f039	BLR-Hope Farm New	12.98416	77.767	Bengaluru	Karnataka
7e5a1821-59ed-4d8a-8431-a3705afb22d2	BLR-HSR Layout New	12.911832659657172	77.6439838767151	Bengaluru	Karnataka
21d42ce9-9a73-428f-89ef-75323784c3b8	BLR-HSR-2	12.899316	77.651296	Bengaluru	Karnataka
5e36e56b-2449-4262-b397-f8af3464f5e3	BLR-HSR-3	12.905778	77.637514	Bengaluru	Karnataka
7de4838b-ae7c-44d0-bf24-fb2040666654	BLR-INDIRANAGAR NEW	12.962298	77.645909	Bengaluru	Karnataka
4e507e91-6be7-4f3c-8dfe-aaa051a6d0c8	BLR-ITPL Layout	12.96191262	77.71678497	Bengaluru	Karnataka
a3d3505f-b5c5-4ba6-8bec-2ea6533a02de	BLR-Jakkur Network	13.059459	77.622438	Bengaluru	Karnataka
0053a04d-aeb4-46b5-99fe-d740491e3843	BLR-Jakkur New	13.06662468	77.6092697	Bengaluru	Karnataka
931f6620-df91-45d7-a527-99a29c4db568	BLR-Jayanagar 9th block	12.926377	77.597071	Bengaluru	Karnataka
cf384ecd-5e1f-47e9-9194-8e9dc940e8c3	BLR-JAYANAGAR New	12.941703	77.580188	Bengaluru	Karnataka
5556e883-5d07-4742-8fd9-215bdcda277b	BLR-JC Nagar	13.0031742	77.5308889	Bengaluru	Karnataka
a1cbdf77-8824-4c12-85b4-3b114318497d	BLR-JP Nagar Network	12.91322647998058	77.57300633655056	Bengaluru	Karnataka
b8ba1570-2582-4f6d-a467-330ec39ec6da	BLR-JP Nagar Network-2	12.887526	77.586572	Bengaluru	Karnataka
ea49abf1-77df-4575-8022-fbcf9e25b3b4	BLR-JP Nagar New	12.894204	77.584495	Bengaluru	Karnataka
64ce964a-4464-4cc7-b726-d6befbaa27f9	BLR-Junnasandra	12.90252	77.68669	Bengaluru	Karnataka
1fc622b2-7469-494a-818f-61f354d4f110	BLR-Kadarenahalli	12.914745	77.559864	Bengaluru	Karnataka
1a2ba310-07de-4a70-946c-b54f2a487646	BLR-Kadugodi	12.98612069	77.7450889	Bengaluru	Karnataka
4b085c97-667a-4149-ade7-d61c8a7fa42f	BLR-Kalyan Nagar Network	13.01482	77.62778	Bengaluru	Karnataka
17141f08-6ccd-4d8b-ae18-0bd9ebbb8a40	BLR-KALYAN NAGAR NEW	13.006655	77.641639	Bengaluru	Karnataka
a09f04ca-3c1d-4523-8606-386ce213a7ae	BLR-Kambipura	12.8872429	77.45868	Bengaluru	Karnataka
e0e12ce6-3431-4ed8-a74b-b0de26426220	BLR-Kannamangala	13.0174588533338	77.7593782964583	Bengaluru	Karnataka
c647bfb4-1b5a-433d-ba29-0c75c2da883e	BLR-Kannika Nagar	12.79803706	77.66311187	Bengaluru	Karnataka
2fd0f3ca-d788-41bc-be14-a18850bf78cc	BLR-Kasavanahalli	12.899348	77.678337	Bengaluru	Karnataka
e65fe048-7b72-4698-8aac-03359d3171a3	BLR-Kasturinagar	13.0047881	77.6629972	Bengaluru	Karnataka
7000d78e-6700-49e6-94ac-b4caa221a0f1	BLR-Kengeri	12.923553872226716	77.49306732451488	Bengaluru	Karnataka
58c5b67d-32d8-494a-8451-a720173b6b8e	BLR-Kogilu Road	13.10307433	77.63013442	Bengaluru	Karnataka
afc14c75-c874-46d8-9877-e66bfa0c7299	BLR-Kothnur New	12.870096566041891	77.5837238276831	Bengaluru	Karnataka
0c02c311-65e5-4495-bcb4-ee96476882bb	BLR-Kudlu	12.8906552	77.6456667	Bengaluru	Karnataka
ccc9dc9b-9c6f-421e-bedc-f2e7463a75e9	BLR-Kumaraswamy Layout	12.89481283	77.56436304	Bengaluru	Karnataka
a1c67132-94e3-41b9-975b-4ef4e4851406	BLR-Magadi Road	12.99005606	77.48523812	Bengaluru	Karnataka
a16e98dd-a208-4aa2-9627-69eef07e8d69	BLR-Malagala	12.97812065	77.51643345	Bengaluru	Karnataka
97301572-98d1-4b4d-8e40-d52748fe5233	BLR-Malleshwaram new	12.987709	77.561344	Bengaluru	Karnataka
318b567c-b7bf-4997-a79b-27c3055e080a	BLR-Manjunatha layout	12.946874	77.71504	Bengaluru	Karnataka
97acd88b-1a82-499b-acf1-c7e365eab5ce	BLR-Marathahalli 2	12.974679980246021	77.69700174228993	Bengaluru	Karnataka
0cde9637-ca43-45b6-a89c-08c1e32bae57	BLR-Marathahalli New	12.951857861081821	77.71956820401381	Bengaluru	Karnataka
376dd638-f05e-4171-b4e1-b97650b79fe7	BLR-Marathahalli-3	12.96160746	77.70483424	Bengaluru	Karnataka
94528e28-a7cb-4b41-8127-6a5625f4516f	BLR-Marathahalli-4	12.94915445	77.70329588	Bengaluru	Karnataka
2ed5a568-da07-4497-b5c7-29237e478a38	BLR-Margosa road	13.0059977	77.5695793	Bengaluru	Karnataka
e791004e-f7d8-4a2b-9e05-ac0a95bd2706	BLR-Mathikere	13.0265	77.558028	Bengaluru	Karnataka
5b1796e1-36c2-4ae9-83a0-c03c25cac05a	BLR-Michael Palaya	12.972597	77.637048	Bengaluru	Karnataka
d6e7afa1-5e3c-48e4-be20-227555f7984c	BLR-Mico Layout Network	12.87771825	77.64508193	Bengaluru	Karnataka
391731c1-dd52-4f25-850d-d388f0520713	BLR-Mico layout network-2	12.903689596835163	77.62857765401905	Bengaluru	Karnataka
f6807d7c-9f71-49c7-9a15-50919b30fccf	BLR-Mico layout New	12.892833	77.628083	Bengaluru	Karnataka
5c85fffa-7130-43f2-9b34-0decc06beddc	BLR-Nagavara	13.038049	77.617309	Bengaluru	Karnataka
042b55a7-bfcf-46e8-8cc2-56ba2b4dc7cf	BLR-Nagondanahalli	12.97486139	77.7718582	Bengaluru	Karnataka
92cd8931-88ef-4042-a452-0e2ecce17676	BLR-Narayana reddy Layout	12.939045	77.62645	Bengaluru	Karnataka
5a7da89a-1be1-430e-b00e-8a1c71f66e82	BLR-Narayanapura	13.0638213428266	77.6492006993277	Bengaluru	Karnataka
1d852498-590f-4ffa-babf-aae026e3584d	BLR-Narayanapura Network	13.062748457002925	77.63500347623888	Bengaluru	Karnataka
779c2c0e-a826-463f-8019-78b46a6e6498	BLR-Nehru Nagar	13.09133919	77.60125138	Bengaluru	Karnataka
2240913f-e14f-46cc-94e8-ff6f5c32ffab	BLR-Neo Town	12.81998463	77.66277018	Bengaluru	Karnataka
5d427762-35fa-45f0-92b2-560b135fcba3	BLR-New Gurappanya Palya	12.905922	77.612674	Bengaluru	Karnataka
5c0e30fc-969b-4051-a30a-e9e5be4affdd	BLR-Nikoo Home New	13.079770738761654	77.64375553773301	Bengaluru	Karnataka
c9d7d275-70b0-4f96-a48f-2a49801fdee8	BLR-Peenya Network	13.04999	77.487646	Bengaluru	Karnataka
6c257905-3f92-469d-971d-3acc8d41156b	BLR-Peenya New	13.045490242155392	77.50877381196612	Bengaluru	Karnataka
34774f44-f41c-4bde-993b-8e93684ff94f	BLR-Pipeline road new	13.04233	77.54778	Bengaluru	Karnataka
ae43241e-255b-4c36-8275-c775b91b4028	BLR-RAGHAVENDRA LAYOUT	12.8849293	77.5409494	Bengaluru	Karnataka
f3aab636-1e25-4da4-b9f4-e8a1ccde5b4a	BLR-RAGHAVENDRA LAYOUT NETWORK	12.8845944	77.55881835	Bengaluru	Karnataka
276795b6-81e7-40f5-9054-efa418de5561	BLR-RAGHAVENDRA LAYOUT NETWORK 2	12.8666929	77.5357013	Bengaluru	Karnataka
92a53fbb-3e34-4c74-9362-faff5a5cf154	BLR-Ramamurthy Nagar Network	13.01813845	77.6597251	Bengaluru	Karnataka
3169658f-77f5-47a3-a87d-e9016e7f3ebe	BLR-RAMAMURTHY NAGAR NEW	13.033621072324562	77.68593736936828	Bengaluru	Karnataka
b1403534-cd6b-49d0-a7cd-ce20e6497768	BLR-RICHMOND TOWN	12.966376175570629	77.60692111743604	Bengaluru	Karnataka
83aac9aa-1afa-4758-a0a4-948e3720d4fc	BLR-Richmond Town Network	12.95642	77.60566	Bengaluru	Karnataka
fccfee31-fe80-4c19-bde6-986f2e01cd84	BLR-RR Nagar Network	12.9031547	77.51191762	Bengaluru	Karnataka
99949ff5-2335-4704-bbdf-b8f86a90c811	BLR-RWF Yelahanka	13.106778	77.580361	Bengaluru	Karnataka
dc47f38a-1d35-4144-a6b2-d1470a32faf3	BLR-Sanjaynagar	13.03273924	77.58054019	Bengaluru	Karnataka
17db8f86-ef55-4838-9e08-886596591965	BLR-Sarjapur New	12.90853465	77.67692834	Bengaluru	Karnataka
0f2d3f82-cf97-45e8-bd80-759fe5dfbf6c	BLR-Sarjapur-2	12.9026566	77.6613229	Bengaluru	Karnataka
1ad29aa7-34e9-4268-9238-5a3a3fcd1bd2	BLR-Sattava East	13.02716623	77.74726407	Bengaluru	Karnataka
9994adc8-71a8-48c9-9892-6f2a3b247ff6	BLR-Seegehalli	13.019430271760386	77.72412424144288	Bengaluru	Karnataka
3fdf2ec3-0ac0-4e8d-a7f0-e184ef12fbe6	BLR-SHIVAJI NAGAR Network	13.002645579349275	77.59946145767019	Bengaluru	Karnataka
e4a9d9d2-dcea-46bb-b683-83dda1e9e6d6	BLR-Shivaji nagar New	12.989395	77.609946	Bengaluru	Karnataka
425e2ef0-02bc-4c87-b423-cfbc6e56984a	BLR-Siddapura	12.957613961663071	77.7295608134923	Bengaluru	Karnataka
874241a8-e4fc-439e-a816-ee65aceba124	BLR-Silicon Town	12.852472	77.675972	Bengaluru	Karnataka
6ceb23b1-672d-4fd7-a89c-66163925a764	BLR-Silver County	12.89366814	77.66299978	Bengaluru	Karnataka
1ac44aad-7c9b-46ca-9df0-d0908355de55	BLR-Singapura	13.090409	77.53952	Bengaluru	Karnataka
0921a0f1-6acb-46da-bbf8-c85018e6fdb1	BLR-SINGASANDRA	12.870083	77.659171	Bengaluru	Karnataka
6abd3309-1e45-4411-943a-81f5c32fef41	BLR-Singasandra Network	12.86296	77.67777	Bengaluru	Karnataka
856b33b6-5cfb-4b67-8702-62b49fc5db26	BLR-Sompura	12.86423227	77.77015527	Bengaluru	Karnataka
5565a614-f2a6-428f-9396-5237db1828e7	BLR-Sunrise Layout	12.84495985	77.59398467	Bengaluru	Karnataka
3077baf7-7bd2-41d0-a221-27cf9d1ec392	BLR-TC Palaya	13.022656	77.688133	Bengaluru	Karnataka
5ec071fd-78df-41f6-b3ae-7298d9f96a3d	BLR-Teachers colony	12.925095	77.637091	Bengaluru	Karnataka
1ba2b8e0-aa82-4a78-b38b-477b97eac054	BLR-Thyagaraja Nagar	12.930236	77.56869	Bengaluru	Karnataka
56a84923-c0a2-48e2-8038-22b142c59fff	BLR-Tippenahalli	13.028672	77.494908	Bengaluru	Karnataka
cf1fab3e-edc1-4a8a-8054-5abe91c20f69	BLR-TMC Layout	12.91025	77.58977	Bengaluru	Karnataka
5a365997-32ca-4016-a42c-7108b5701d65	BLR-Ullal	12.958532	77.479896	Bengaluru	Karnataka
50928523-a4f4-42ad-8c57-e2eedf5f19cd	BLR-Vidyaranyapura	13.0695733	77.5589887	Bengaluru	Karnataka
7c3e8dc3-8781-489c-a2c7-8f8f67149083	BLR-VIJAY NAGAR	12.96845	77.5381	Bengaluru	Karnataka
4778fa3d-0494-484a-b488-e2b40088ddd7	BLR-Vijay Nagar Network	12.960476	77.519569	Bengaluru	Karnataka
7ae361e2-d507-4d10-a5c7-e8d14fded59d	BLR-Whitefield Network-2	12.97187036118193	77.73492020211933	Bengaluru	Karnataka
b4dc8d65-ed2e-4142-81b6-373982b13500	BLR-Whitefield New	12.96902	77.75395	Bengaluru	Karnataka
6f08827d-5bea-4c32-8bea-ba8a34ae7ed9	BLR-Yallapa Garden	12.983662	77.5487921	Bengaluru	Karnataka
c30df9f0-06c1-4d33-97ff-10ed99190a4d	BLR-Yelahanka Network	13.13749897	77.56327961	Bengaluru	Karnataka
3123bc8b-6f8b-4eab-828e-5715162320e5	BLR-Yelahanka new town New	13.101374	77.562338	Bengaluru	Karnataka
a7e2806a-ae58-46e2-87ac-a937360ad74f	BLR-Yelenahalli	12.86077262	77.61333628	Bengaluru	Karnataka
917d20a7-58e4-4574-95dd-dfe3513dd1b2	BLR-YESHWANTPUR	13.010808	77.540878	Bengaluru	Karnataka
06031ad9-0300-4c0d-bc7d-cc16959c7467	DEV-Jayanagara	14.44420255	75.9289551	Davanagere	Karnataka
a3cc5aa4-5a26-4b97-90f9-e38e7be0685b	DEV-MCC	14.4462184	75.9014239	Davanagere	Karnataka
2450ecfc-98bd-4179-adc1-067f7f73d984	HBL-Gokul Road	15.3508889	75.1094444	Hubballi	Karnataka
50ec3eef-df88-4e0d-94d3-2e120efa7655	HBL-Keshwapura	15.360006551884732	75.14823066598052	Hubballi	Karnataka
913e4d9c-179c-43fc-b130-b0c9c39d3800	HBL-Vidhya Nagar	15.3721735	75.1174296	Hubballi	Karnataka
ac34d1f4-7a17-4238-8ee1-6472d277a1e9	MYQ-Bogadi	12.29376	76.60272	Mysuru	Karnataka
95fb7963-3983-4250-9151-301261f84b3e	MYQ-Chamundi Vihar	12.30752276	76.68242454	Mysuru	Karnataka
e0277dfe-53d9-484f-9d68-2356bcffa5f8	MYQ-Hudco	12.34215604	76.64499428	Mysuru	Karnataka
14dd523d-d177-479e-ad17-8d1185f3e185	MYQ-Kuvempu Nagar	12.28111301	76.63026927	Mysuru	Karnataka
9e3001c8-62f6-4305-87fc-7280c8028beb	MYQ-Mahadevpura	12.265086	76.636803	Mysuru	Karnataka
411fefdc-6597-4e1e-ad2c-1cd7cdeadb5a	MYQ-Rajendra Nagar	12.326933	76.661029	Mysuru	Karnataka
56fa4f30-c992-4e19-9e84-c5ce28862207	MYQ-Vani villas	12.32007342	76.60644075	Mysuru	Karnataka
31903708-6be4-4223-9730-aa1b43564b75	MYQ-Vijayanagar	12.33049983	76.61515161	Mysuru	Karnataka
f0fa4a29-bff9-43fa-bbbf-8c843ce7b579	TUM-SS Puram	13.341513	77.103305	Tumkuru	Karnataka
a0cc192c-a4e7-4671-aacd-ce6891b53bba	KOC-Aluva	10.102468	76.349966	Kochi	Kerala
f640034b-60ca-4426-8b7b-edcf408846ec	KOC-Edappally	10.017925	76.28959	Kochi	Kerala
8edffc62-2cea-4cbc-8af6-8ac14201f45d	KOC-Friendship nagar	9.990189	76.305009	Kochi	Kerala
6d1f09eb-28f1-48b4-86c8-bcfa246c70fa	KOC-Infopark	10.015076	76.356353	Kochi	Kerala
c6324184-909e-4470-80f8-7975ba79ef9e	KOC-Kakkanad	10.014868	76.335182	Kochi	Kerala
74eedd8a-1705-46c3-8dd3-bbfcc0289ec3	KOC-Kalamassery	10.037119	76.315822	Kochi	Kerala
1dfb0f79-3c66-45e8-8b24-9d79ab1b2477	KOC-Kaloor	9.988819	76.276803	Kochi	Kerala
4a23af0e-df8c-46c5-a68f-78fe1e0909f3	KOC-PALLURTHY	9.931492	76.263654	Kochi	Kerala
ea99ba63-8772-44b9-8a98-1c2b78fe3759	KOC-Thengod	10.028885	76.370341	Kochi	Kerala
1c6c1528-3f93-42f0-8640-66ba46e9dace	KOC-Vallathol Padi	10.03746	76.341296	Kochi	Kerala
ed394930-f138-4f33-a3dc-51910eb68f59	PAL-Kalpathy	10.7899323	76.6499911	Palakkad	Kerala
f79f191f-80eb-430f-b855-448625ab2243	PAL-Pallipuram	10.77439	76.63836	Palakkad	Kerala
45ad8335-4678-452f-bd65-ac17a60e54c7	PAL-TKV Nagar	10.771389	76.671293	Palakkad	Kerala
a02cc832-e25e-4851-b7bd-3330a61c2158	IDR-Bicholi	22.709183	75.922589	Indore	Madhya Pradesh
75c44b6e-b7eb-4590-85db-6d5e51907bbf	IDR-Chandan Nagar	22.705659	75.829245	Indore	Madhya Pradesh
dbd8cb1b-0dd8-476d-8c3c-0b2be12536b2	IDR-Navlakha	22.695321	75.859981	Indore	Madhya Pradesh
61064aad-9e86-41f1-a52c-03f0fd5ae970	IDR-Nipania	22.764219	75.923556	Indore	Madhya Pradesh
6fee31f5-1ec7-43e1-9d2f-1bc462d5fee9	IDR-Niranjanpur	22.77507301	75.8955752	Indore	Madhya Pradesh
be1ccc2b-a9dd-4372-82da-e831188bcb55	IDR-Sahakar Nagar	22.66749	75.81348	Indore	Madhya Pradesh
98f92c45-f6f3-4aeb-b8f3-2f1005b09247	IDR-Sangam Nagar	22.73708	75.83286	Indore	Madhya Pradesh
6cb7f877-c543-4be9-8c74-5fd19956f937	IDR-Scheme 54	22.748108	75.890003	Indore	Madhya Pradesh
61d4ef22-b293-4f2b-a1ef-faa0f49c4322	IDR-Tilak Nagar	22.71828807	75.89388135	Indore	Madhya Pradesh
3d1b28be-1e25-471f-a4d9-f2151a7d1bfc	CSN-CIDCO	19.870693	75.366691	Chatrapati Sambhaji Nagar	Maharashtra
e94ce78f-6b7b-4c04-b125-d52e1669f97d	CSN-Nageshwarwadi	19.884301	75.322868	Chatrapati Sambhaji Nagar	Maharashtra
83f44cd9-3310-40dc-9ccb-e3ed8c988fd7	CSN-Satara Parisar	19.85253868	75.31630228	Chatrapati Sambhaji Nagar	Maharashtra
50be453c-91e9-4a62-913c-3d6add84eb57	Marol	19.108816146850586	72.88048553466797	Mumbai	Maharashtra
fab4fc54-b957-4a4b-9e1b-eb5642c9e224	MUM- Lower Parel Network	19.01505491	72.83806561	Mumbai	Maharashtra
178dbe40-5ad9-4ddf-99ec-18192cb71db7	MUM-Airoli	19.16459082984763	72.99547915339458	Mumbai	Maharashtra
fdc84bec-ec86-4b5d-b18b-84daca52c609	MUM-Ambernath	19.199237313907336	73.19936989586273	Mumbai	Maharashtra
c6df9a09-1e44-4dae-ac93-4f9aab709a3a	MUM-Andheri East New	19.122382	72.86289	Mumbai	Maharashtra
37b900f0-25c0-448b-825a-74d62c8ceb41	MUM-Andheri West	19.13490847118454	72.83589318597221	Mumbai	Maharashtra
84745439-e529-4287-ae44-7b4a516da253	MUM-Andheri West Network	19.133895875780667	72.81392969519334	Mumbai	Maharashtra
39b60f5b-f69b-4664-8c1b-31dbb40c63d8	MUM-Andheri West Network 2 New	19.14202196	72.83592903	Mumbai	Maharashtra
2050a7de-e13c-4947-bac7-7995d8c6e72d	MUM-Ashok Van	19.2404431	72.8670403	Mumbai	Maharashtra
57d17930-01e0-4657-a792-57a1b7edf762	MUM-Badlapur East	19.155345	73.23874	Mumbai	Maharashtra
cbf9f315-5b12-45f1-af0e-9d374c17d261	MUM-Bandra	19.070569587288613	72.83969841814339	Mumbai	Maharashtra
0ef81b30-ea84-46ec-98b0-6f3894d1ca1d	MUM-Belapur New	19.0177779	73.0452194	Mumbai	Maharashtra
662012a6-9b5c-4471-8051-f83675b0d84c	Mum-Bhandup network	19.1453923	72.932539	Mumbai	Maharashtra
2e7ec440-fd1b-441e-90ee-9c8611648bb6	MUM-Bhandup Network-2	19.17103330161974	72.94283679735065	Mumbai	Maharashtra
5f5e8200-1796-4df9-9da6-3c80b0e3c6ce	MUM-Bhandup New	19.1614372	72.9367809	Mumbai	Maharashtra
1b11ac6b-6de6-411b-80bf-a72874a80c51	MUM-Bhayandar New	19.299900811485163	72.8552735582004	Mumbai	Maharashtra
cf7f18ae-84f3-429a-a19d-f35f08e97c58	MUM-Bhayendarpada	19.27645289501628	72.95811157114244	Mumbai	Maharashtra
48328608-7aaf-4857-b869-dae167d5f320	MUM-BKC Main	19.07314	72.8682	Mumbai	Maharashtra
74aa405e-238e-4103-abb3-096bd7e6f553	MUM-BKC NW New	19.07071717	72.84924269	Mumbai	Maharashtra
b099eada-6069-4faf-91fb-8faa600884c3	MUM-Boisar	19.7945851	72.753159	Mumbai	Maharashtra
9afa54f1-78a4-4ce7-a632-be8e99531cb0	MUM-BORIVALI	19.253856205632722	72.86191728375213	Mumbai	Maharashtra
551d5b20-6c19-465c-aaf8-0624166cbf93	MUM-Borivali West	19.22356982	72.85172035	Mumbai	Maharashtra
5feee4ae-dfd9-4484-b060-722c7802c642	MUM-Central Park	19.052389	73.075325	Mumbai	Maharashtra
87980e31-e60f-409d-bc05-e5a0e2bc90d5	MUM-Chakala	19.116736141706856	72.85845223477627	Mumbai	Maharashtra
9b1181f5-a8d1-4009-ad89-e1a9696a4cfb	MUM-Chandivali	19.113939	72.89901	Mumbai	Maharashtra
7fda3ccf-78cb-4aa8-a910-b1046fd0baf0	MUM-Charkop	19.209924280617624	72.82369506593042	Mumbai	Maharashtra
9ab4aaf2-f0b5-477c-b633-b3a555b0db42	MUM-CHEMBUR NEW	19.05033	72.9095	Mumbai	Maharashtra
98ee4a78-f196-4bd1-9f00-1c27b126d231	MUM-Colaba	18.912487578476608	72.82453234800509	Mumbai	Maharashtra
71ca681c-6ee4-467d-9d0a-8d761ce8400f	MUM-DADAR EAST	19.0125566	72.8498979	Mumbai	Maharashtra
292b8fc9-b6f3-43c3-a2a0-349f135c6e8a	MUM-Dahanu	19.98673503	72.74211373	Mumbai	Maharashtra
56290154-dc98-4aed-bc38-d4dc13f4bda3	MUM-Diamond garden	19.052412	72.90155	Mumbai	Maharashtra
102af115-4cad-419f-9bd5-567159eefc5c	MUM-DOMBIVALI (W) Network 1	19.202021856200744	73.10257090827216	Mumbai	Maharashtra
d431e3b5-0ba8-4823-8c4b-c4ea0909dbde	MUM-Dombivali W New	19.2259722	73.0838889	Mumbai	Maharashtra
fac79573-63ae-4dd4-a7b5-bd8d8fa61ce2	MUM-Fort	18.937693134906407	72.83331561285922	Mumbai	Maharashtra
64f822f2-6e64-484c-9e7c-e1b9319a2e71	MUM-Four Bungalows	19.12684805	72.83241475	Mumbai	Maharashtra
460836cf-9dbb-49e3-b460-ef7fecdb7b13	MUM-GHATKOPAR (W) NETWORK	19.096821	72.906784	Mumbai	Maharashtra
a0cf8634-2b62-4ead-8cd7-5ee6c5d11192	MUM-GHATKOPAR WEST	19.086253298553697	72.90183329744956	Mumbai	Maharashtra
3b579acc-ff7e-4e12-8b96-8e144cff0aa7	MUM-Girgaon	18.957252469614385	72.81948612136898	Mumbai	Maharashtra
ab5b8567-c808-4008-8793-b83489a3c6fa	MUM-Goregaon E Network New	19.179661	72.865097	Mumbai	Maharashtra
a5d48a70-31d9-4c5f-b61f-daae4ab4e3b3	MUM-GOREGAON EAST	19.1708709	72.8536443	Mumbai	Maharashtra
0d591e22-ea1d-467e-8600-ede8e8b4937a	MUM-Hill Road Bandra	19.054844	72.828225	Mumbai	Maharashtra
c8140214-bf94-42c0-8f7f-ea6767170196	MUM-Hiranandani Estate	19.249041	72.983032	Mumbai	Maharashtra
ab94c840-ae17-491f-95b5-b32bf84ca808	MUM-Jogeshwari East	19.1363314	72.8500343	Mumbai	Maharashtra
b7c3c400-9275-4d75-afa3-62e0a6abfaac	MUM-Kalwa	19.200678347044096	73.00029163695812	Mumbai	Maharashtra
80b12cfb-d607-43e3-bf17-6b2f8c854e40	MUM-Kalyan	19.25380721444408	73.13864694447147	Mumbai	Maharashtra
44cc43cf-500a-44a1-967f-36164e30d124	MUM-Kalyan East	19.222392943715807	73.1218402991264	Mumbai	Maharashtra
2aea52a3-d15a-4e0c-b97d-4670bd600eaf	MUM-Kamothe	19.021017678180517	73.1012720067633	Mumbai	Maharashtra
500bffb6-dfb4-468f-832f-3f305f575f1f	MUM-KANDIVALI EAST Network	19.19405204107649	72.86572139337252	Mumbai	Maharashtra
d50a3a1a-4ab0-4a0e-b87d-e032776daff9	MUM-Kandivali West New	19.20472507	72.82723531	Mumbai	Maharashtra
329deb14-183d-4581-90eb-8c40a5e91fd5	MUM-KASARVADAVALI	19.26571464312632	72.9678039974523	Mumbai	Maharashtra
d1fefd3d-d2ec-4213-917a-762416c3c23c	MUM-Kharghar Network	19.07086602461259	73.07862762294509	Mumbai	Maharashtra
2d89c87c-884c-41c3-89bb-12f9dcddc03f	MUM-Kharghar New	19.039497699869628	73.0677381108301	Mumbai	Maharashtra
ae984dc5-d33f-49cd-914c-d95d51f9e0ca	MUM-Koparkhairne New	19.118582	72.992032	Mumbai	Maharashtra
5116a0c5-42bc-487c-ac82-37af432606b0	MUM-KOPARKHAIRNE SECTOR 4A	19.109309	73.009048	Mumbai	Maharashtra
0dee4754-034b-43ec-bcab-2664340690dd	MUM-KOTHARI COMPOUND Network 1	19.21659162329426	72.97574210186052	Mumbai	Maharashtra
bc2668de-4e8e-4ffb-a2c9-91bf4a5dd846	MUM-KOTHARI COMPOUND NEW	19.236701298031644	72.96898782704861	Mumbai	Maharashtra
9231fcfd-2b2e-434d-bec7-0de208e0f10d	MUM-KURLA EAST	19.059000952554257	72.89085733059038	Mumbai	Maharashtra
4a54d5f5-0bd9-4b8f-b08a-120d8e7926d7	MUM-Kurla W	19.08264127945045	72.87952775278666	Mumbai	Maharashtra
8be2198a-76dd-42c7-a351-d1c2b80d459e	MUM-Lokhandwala	19.1348674	72.8254786	Mumbai	Maharashtra
72655f9e-d9be-4b01-b2ac-62e61d2efd47	MUM-LOWER PAREL NEW	18.999098	72.830425	Mumbai	Maharashtra
2ed65df1-196d-4877-93dd-cc1ae94fe3c7	MUM-Mahajan Wadi	19.270811	72.88152621	Mumbai	Maharashtra
973a6df0-7634-4291-be0d-cd48a816516b	MUM-Mahim	19.042160158844943	72.84312361106556	Mumbai	Maharashtra
2c911eaa-a276-47bc-92d8-447d166f2dfa	MUM-MAJIWADA	19.220213	72.986282	Mumbai	Maharashtra
81822dd8-20a3-4da0-b460-671c9d1f6d27	MUM-Malabar Hill	18.951892658201917	72.79484351852422	Mumbai	Maharashtra
a20f91f9-3e2c-48fd-a720-a6bf6685a6fe	MUM-MALAD	19.1723881	72.8484384	Mumbai	Maharashtra
d390ee2b-1c8f-4236-9c8b-b60173fd330a	MUM-Malad Network	19.18963269	72.83888913	Mumbai	Maharashtra
c688da38-967b-4e15-862f-458ce8ea6821	MUM-MALAD Network 2	19.149821533865055	72.84506827625304	Mumbai	Maharashtra
ebabbe83-2299-49ca-bbd8-edfd8dd03d60	MUM-Manjarli	19.1756716	73.23923059	Mumbai	Maharashtra
250d0a67-ee4b-4cdd-ac75-0c5e65c25ee9	MUM-Marol Network	19.11564642	72.88302819	Mumbai	Maharashtra
13d9641e-8c4f-4bca-b2e9-a1f6ceaa55dd	MUM-Marol Network-2	19.110294	72.8867926	Mumbai	Maharashtra
6ccfc337-2950-40f6-8bab-c7b5905c0f43	MUM-Mharal	19.2471048	73.1775971	Mumbai	Maharashtra
b8f93707-6d8d-4c31-8b58-627f09ba83cf	MUM-MHB Colony	19.24075	72.8359167	Mumbai	Maharashtra
8eec86a7-817c-4719-b317-7e2118611b1e	MUM-MIRA ROAD NEW	19.28087098763743	72.87677472690024	Mumbai	Maharashtra
50cf7835-361c-4c3f-822a-9fc9be0d2d33	MUM-Mulund East	19.165236883355483	72.96329865457429	Mumbai	Maharashtra
a2af220f-8ad2-4869-abc7-62dc2476af8c	MUM-MUMBAI CENTRAL	18.967708481343923	72.81723141807478	Mumbai	Maharashtra
97a25366-1a8e-4834-9d57-a976e76af3dc	MUM-Nalasopara	19.40993	72.83361	Mumbai	Maharashtra
3583fadc-1d44-42ff-b09d-68d09b0aec89	MUM-Nalasopara West	19.422692	72.807379	Mumbai	Maharashtra
9a639073-d72a-4bf1-8bda-bc2840c817ef	MUM-Naupada	19.19841478	72.97405999	Mumbai	Maharashtra
684a75ae-c944-480c-a64f-76a1a9cfa393	MUM-Nehru Nagar	19.05860442	72.87954559	Mumbai	Maharashtra
52917883-e475-4632-9fa3-9c99ba0f4b78	MUM-Nerul	19.034275186412394	73.0290366887755	Mumbai	Maharashtra
b54c01f1-4f46-47d6-a3e7-bd040d3e8548	MUM-New Balaji Nagar	19.208603	73.196536	Mumbai	Maharashtra
fe7c8d05-02c0-4358-a794-1d5f862d74e8	MUM-Palava City	19.163821031630718	73.07617957680532	Mumbai	Maharashtra
7e376b5b-070a-4df3-9d78-125c12bb0745	MUM-Palava Phase 2	19.164090057841918	73.11630978163831	Mumbai	Maharashtra
30cbdf99-c43b-4a4f-8754-7399625ce08c	MUM-Palghar	19.6928897	72.771077	Mumbai	Maharashtra
6ad459f8-927e-4a94-8a80-432502af0e8c	MUM-Pali Hill	19.062533861974096	72.82817204025781	Mumbai	Maharashtra
291264cf-55b8-4ae3-93b2-cb23fd795054	MUM-Panvel New	18.99893579254381	73.11147995473613	Mumbai	Maharashtra
c2279e92-0a29-4470-861e-28a8798e031f	Mum-Parel	18.99228241814113	72.84805584890945	Mumbai	Maharashtra
743eb98c-c506-4a2c-b9d4-ee218bb5b202	MUM-Parel Network 2	18.963986	72.840103	Mumbai	Maharashtra
f9e3aef6-a8b9-4bb4-9177-a7ca316dfd71	MUM-Park Road	19.10068894	72.85325786	Mumbai	Maharashtra
e62b31c3-5bd4-49df-84cd-127ec549c830	MUM-Prabhadevi	19.015224	72.825203	Mumbai	Maharashtra
4d6a1ca0-2dde-48ae-9524-d0a2bf803f7c	MUM-Runwal Garden	19.1885767	73.0941626	Mumbai	Maharashtra
5f267ad5-446b-4a8b-86f0-df174ad545dd	MUM-Sai Baba Nagar	19.21321673	72.84813124	Mumbai	Maharashtra
84e7185d-375b-4386-ad42-ae55139e9e0f	MUM-Sainath Nagar	19.4209807	72.8187571	Mumbai	Maharashtra
cc72f206-e146-43c5-a01b-56ddc8d11464	MUM-SANTACRUZ	19.086709685493346	72.8361652951062	Mumbai	Maharashtra
c221bd15-b6c3-407e-a195-7f714e91db4c	MUM-Seawoods	19.01166619373261	73.02365402389766	Mumbai	Maharashtra
dae4ebff-33f8-425f-88c1-aae075ee7a52	MUM-Sector 20 Ulwe	18.983898	73.029093	Mumbai	Maharashtra
8c75d846-b50e-44c1-82d2-01bc39ad1ab3	MUM-Shahad	19.242898	73.154882	Mumbai	Maharashtra
884a853d-1386-4114-a4eb-d60cc898406f	MUM-Shilphata	19.1499223	73.0439121	Mumbai	Maharashtra
01185b5e-b794-4cfb-99c9-625397e548ac	MUM-Shivai Nagar	19.219176	72.954332	Mumbai	Maharashtra
e92b6e46-2f9f-46b5-99ab-56d2db0a90a6	MUM-Taloja	19.070581	73.098137	Mumbai	Maharashtra
238a227d-697c-4fa9-a4f5-4fd064760098	MUM-Thakur Village	19.2138889	72.8685556	Mumbai	Maharashtra
48018697-39cd-458a-a2dc-b6ac22e6b5c0	MUM-Tilak Nagar	19.067859321020833	72.89862229585934	Mumbai	Maharashtra
38ac846f-6255-4a51-8bad-bf50f3c23827	MUM-Tunga Village	19.1160776	72.8918198	Mumbai	Maharashtra
52278321-e20a-4a88-b24c-613fafa720e0	MUM-Ulhas Nagar	19.225634	73.165896	Mumbai	Maharashtra
10a970cf-668a-4633-9641-bd1e37fba249	MUM-Ulwe	18.96591558271774	73.02217593239014	Mumbai	Maharashtra
fec59a85-00e2-4551-a354-869500f18e23	MUM-Vashi Network 2	19.079023145549385	73.0156047372779	Mumbai	Maharashtra
66343bcf-0c12-4c87-b3b8-5e582e518ca7	MUM-Vashi New	19.085756569679944	72.99873718935925	Mumbai	Maharashtra
ec68621c-2e28-40d5-8fe7-fa38ba0e3692	MUM-Veer savarkar marg	19.25822837	73.12955028	Mumbai	Maharashtra
8988d40f-12d3-42d5-9a8e-243712f8e37f	MUM-Vikhroli East	19.12824417123806	72.93787759387904	Mumbai	Maharashtra
769200e9-30cc-47a2-81d4-58904ed953cc	MUM-Vile parle	19.10486962	72.83888637	Mumbai	Maharashtra
0b45bb12-e3bd-415b-b298-ee97db10a222	MUM-Virar	19.46566	72.80345	Mumbai	Maharashtra
960c0c9b-3602-42c5-bea7-b9f8a737e68f	MUM-Wadala New	19.03297391	72.87819379	Mumbai	Maharashtra
f4877d26-05ba-4844-8609-1de598d206a5	MUM-Waghbil Network-3	19.228714	72.9858148	Mumbai	Maharashtra
51c21317-e191-44cc-8af2-9a25f9146b8c	MUM-WAGHBIL NEW	19.249464668378334	72.97454663690698	Mumbai	Maharashtra
edf1aca4-600d-45b6-b7f8-8d83157bb84f	MUM-WAGHLE ESTATE	19.19617470535646	72.94593366861521	Mumbai	Maharashtra
7333c09a-d46f-4c45-845d-360e2ed38c8e	MUM-Waghle Estate Network	19.20052625606243	72.96042611642082	Mumbai	Maharashtra
f48e88cb-0bbb-4ce1-9ce3-8005cc76c1e6	MUM-Worli	18.992952	72.82207664	Mumbai	Maharashtra
ea69a325-0bcd-41d5-84cd-fb1863043812	MUM-Yashwant Nagar	19.452023	72.803967	Mumbai	Maharashtra
751c003c-bbe4-453d-ae3d-404380528149	Powai	19.1183474	72.9050423	Mumbai	Maharashtra
31a7478c-9eed-4599-881a-9616df850bfe	NAG-Besa	21.084562	79.103836	Nagpur	Maharashtra
ea7bcce0-6cbf-4a46-a731-3cc66449e073	NAG-Bhupesh Nagar	21.18091227	79.06012809	Nagpur	Maharashtra
8851f149-0658-4c0f-9995-1fcf9ca5404b	NAG-Garoba Maidan	21.138921	79.125938	Nagpur	Maharashtra
f2c5a570-9b33-4094-9b3b-614319c81f8e	NAG-Gokulpeth	21.1466389	79.0542934	Nagpur	Maharashtra
fe47f2f1-6d89-4c25-949e-1427ba5d5620	NAG-Hudkeshwar	21.099381	79.122553	Nagpur	Maharashtra
176da4ba-5563-43ce-bb78-5568a4b8f0d0	NAG-Jaripatka	21.1735833	79.0912222	Nagpur	Maharashtra
0e6cd72b-6e91-42a7-88cc-3412100ee5ad	NAG-Khamla	21.109161	79.062457	Nagpur	Maharashtra
5bbd5e39-81de-4d1a-9706-25cbe2cb58af	NAG-Raghuji Nagar	21.1285609	79.1046203	Nagpur	Maharashtra
2a87c5ee-1495-4e8f-a259-f1246ab1f2d2	NAG-Vaishali Nagar	21.17214	79.11649	Nagpur	Maharashtra
2b28a8f0-7027-4c5b-8a0b-63c748e5e29d	NAG-Zingabai Takali	21.19269	79.07063	Nagpur	Maharashtra
72a5dc2f-b97c-406d-b3e4-090e99736baf	NAS-Balram Nagar	20.020823599734488	73.83442736681803	Nashik	Maharashtra
4be1c14d-98a6-42a7-aea9-488538abd03c	NAS-CIDCO	19.982591139946347	73.76242753146478	Nashik	Maharashtra
36924e6d-5307-4b1e-af42-2143e748a664	NAS-Dasak	19.978547	73.827885	Nashik	Maharashtra
1794eede-9e42-4a9c-b132-0be5b0e4e4a4	NAS-Ganpati Nagar	20.012346754929084	73.74804822786608	Nashik	Maharashtra
da931d01-2519-4d80-89ae-9d74dbb71918	NAS-Indira Nagar	19.97452111	73.78760208	Nashik	Maharashtra
b83c1f4e-b73d-42ee-9a82-648e14c2e8e3	NAS-Jagtap Mala	19.9520053	73.8323569	Nashik	Maharashtra
0975536b-fda2-455c-89cd-c7d4b0149fd8	NAS-Panchvati	20.0060692	73.80134884	Nashik	Maharashtra
bc299560-8f6b-43ba-b146-879f3594ea7e	NAS-Rane Nagar	19.96040875	73.771445	Nashik	Maharashtra
596b77f1-86e7-4246-ad37-f87897a9779a	PUN_KOREGAON PARK	18.533569049069985	73.88536765814126	Pune	Maharashtra
ca7b9f78-e53b-480a-8e1b-11ebd8cde4e2	PUN-Amanora	18.52101836	73.93595721	Pune	Maharashtra
db4ee2ab-1f56-4e37-9969-3407620c48f5	PUN-Ambegaon	18.4485458	73.8363517	Pune	Maharashtra
7fe0f5bc-d9c2-4883-b9c2-35fc8f36e1c1	PUN-Atma Nagar	18.6328	73.80276	Pune	Maharashtra
e9da3e70-081c-4c4d-abad-5d88303ced92	PUN-AUNDH	18.5503786	73.8097831	Pune	Maharashtra
cb822812-1d29-440c-8759-b33d31f78248	PUN-Balewadi	18.581723	73.767667	Pune	Maharashtra
60252717-a8c5-4891-9b23-3db778b14477	PUN-BANER	18.5640721	73.7691598	Pune	Maharashtra
ea738588-4a4c-4d6c-b5c7-380d49dd06ea	PUN-Baner Network-2	18.550624925242825	73.76328090250028	Pune	Maharashtra
97a88d32-5435-4ba1-b678-b881529ce97d	PUN-Bavdhan	18.5189577	73.76990496	Pune	Maharashtra
e8d2b0f5-541c-4bc5-812d-67f6ed429043	PUN-Bhekrai Nagar	18.4877462	73.9525255	Pune	Maharashtra
2c5f4d5e-e4b5-40d2-9230-d35756cfd601	PUN-Bibewadi	18.470524	73.862885	Pune	Maharashtra
f737581f-b7f3-450a-8cf7-f5fb6e6184a0	PUN-Dhanori	18.59958313	73.90875236	Pune	Maharashtra
7644b7fa-98d0-4bdd-a093-965dac5a807b	PUN-Dighi	18.61789848	73.85725457	Pune	Maharashtra
9ede85f3-c387-40b0-a6c7-fa07f64da718	PUN-Fatima Nagar	18.50661	73.9028	Pune	Maharashtra
8f1fca85-ee88-4e44-8993-d22b98cd6c1b	PUN-Gahunje	18.666669993871867	73.70862345454503	Pune	Maharashtra
c7c3f33e-7fdb-4be2-9693-9809420f5200	PUN-HADAPSAR	18.480671374256037	73.92812433956529	Pune	Maharashtra
edbcfecc-a753-4fc8-ab8a-eb7b7d3dfbd7	PUN-HINJEWADI PHASE 3	18.58575838	73.68435608	Pune	Maharashtra
f68f6daf-2bba-450e-9a05-082e29e9129d	PUN-HINJEWADI PHASE-1 NEW	18.58198863410696	73.74013889559649	Pune	Maharashtra
befaa444-90e6-4691-a2d0-614d59ac0f1d	PUN-Kalyani Nagar	18.55368	73.90594	Pune	Maharashtra
dd520c1a-80de-4060-9e8a-7b2156223efe	PUN-Katraj	18.44510808	73.88534402	Pune	Maharashtra
315e9d84-2c4a-45b2-88fb-f6733794efba	PUN-Kharadi Network	18.54711	73.931427	Pune	Maharashtra
d5350a6a-f6d4-454f-9c53-205dfefec328	PUN-Kharadi Network-2	18.533524	73.9423298	Pune	Maharashtra
3a15115a-c99e-4421-bfcc-5b97a2716da5	PUN-Kharadi Network-3	18.56396746334238	73.95438124467181	Pune	Maharashtra
fe32a518-baf9-4645-9232-f3db7f77c5db	PUN-KHARADI New	18.550326	73.94403395	Pune	Maharashtra
4b7a4e49-97dc-4bab-a168-52fcc8711105	PUN-Kondhwa	18.470199	73.891835	Pune	Maharashtra
ff61b724-51c4-4472-b728-e6298807dc09	PUN-Kothrud New	18.500078	73.79577	Pune	Maharashtra
dd73c1bc-4757-4993-896b-cc949247ba76	PUN-Laxmi Chowk	18.59941717230431	73.73563016019001	Pune	Maharashtra
3516f4f6-dec8-4e36-abb0-77f26d0f4a16	PUN-LIG Colony	18.664297	73.768168	Pune	Maharashtra
252ed3f4-d99b-4793-951e-ae673cb9ebbf	PUN-Magarpatta New	18.51127658	73.94451072	Pune	Maharashtra
a6aaf608-0a95-47fd-a981-a52d1a5e5e2a	PUN-Mayur Coloney	18.503927	73.815033	Pune	Maharashtra
559d99e4-56b4-4659-9022-07abdf9329b2	PUN-Mhalunge Road	18.57223717	73.7537584	Pune	Maharashtra
4b7f2491-a77d-4e8d-9317-08f5a29fc821	PUN-Moshi	18.675293885139293	73.8359464881372	Pune	Maharashtra
68e86539-d883-4fc2-b735-0ab599643721	PUN-Nanded City	18.457239051081153	73.7871816953419	Pune	Maharashtra
76763e89-ac03-4897-b7c4-f2569eb37f35	PUN-NIBM ROAD	18.468771955873734	73.90035155767262	Pune	Maharashtra
53aeab86-e3e6-4183-bc51-da47cf967c24	PUN-Nimbalkar Nagar	18.612473894286158	73.91337568792511	Pune	Maharashtra
3d346812-5c23-4f69-883e-cba67acaa658	PUN-Pashan	18.542134243388432	73.7894013560264	Pune	Maharashtra
7c05017d-f3fd-4845-9a6f-81e9f9a60231	PUN-Pimple Gaurav	18.586138533698357	73.82183101165676	Pune	Maharashtra
4ba4eee4-2869-4f08-8ba8-ccf06a2b4e3c	PUN-Pimple Nilakh	18.565983	73.7922303	Pune	Maharashtra
fe4a16ca-6c7c-4f1a-88a7-fecda52d8057	PUN-PIMPLE SAUDAGAR	18.6039	73.791804	Pune	Maharashtra
74dfeece-0ec5-4b41-a83b-576add66078e	PUN-Pimple Saudagar Network	18.6060224	73.7556266	Pune	Maharashtra
83561210-ebc8-42d7-b63f-1cb5e3117b08	PUN-Pimple Saudagar Network-2	18.597253	73.765	Pune	Maharashtra
3f82b919-5cc7-42a9-8e0a-147da44f9114	PUN-Pradhikaran	18.65483	73.83881	Pune	Maharashtra
8f1d26b5-d168-42b5-9aa2-fc76bbd55a9f	PUN-RAVET	18.64149294294968	73.75666901073262	Pune	Maharashtra
c00b42da-968d-46af-b09d-8313ed62be85	Pun-Ravet Network	18.624998073377704	73.72665526843792	Pune	Maharashtra
8beb19a0-01c1-4e12-841d-7d7e440a296f	PUN-Ravet Network-2	18.655707373541116	73.74474126132417	Pune	Maharashtra
9a3a478d-31f5-468f-b32a-d4324844b5b2	PUN-Shewalewadi	18.49587378	73.97044985	Pune	Maharashtra
3c8e6f2e-5b5d-4654-8e41-a1e0109e3972	PUN-SINHGAD	18.481515	73.825156	Pune	Maharashtra
231186c7-f3b9-4b6e-9e17-f29a217c4de8	PUN-Splendor county	18.584638590630643	73.97692377805657	Pune	Maharashtra
ab0913f7-59e4-4cd7-b2b1-56d50fc56096	PUN-Tingre Nagar	18.57984811561834	73.884976	Pune	Maharashtra
77b4900a-7b8f-4a89-8c76-6731c578aa95	PUN-Undri	18.449040068334885	73.91126582509955	Pune	Maharashtra
04b8b5aa-15dd-49f9-ada0-df4d94f119a4	PUN-Viman Nagar New	18.56769	73.90771	Pune	Maharashtra
354e4def-47bd-4c5c-bbff-e408cfc0de6c	PUN-Wadgaon Sheri	18.561199	73.914504	Pune	Maharashtra
ba4957a9-6519-443e-9919-8c71440d61dc	PUN-Wagholi	18.5851025	73.9912603	Pune	Maharashtra
4cc5f8ae-6495-44d0-9212-b63fe11a3af5	PUN-WARJE	18.490615045836968	73.78994295282915	Pune	Maharashtra
63e5a81f-f326-48df-8250-1f28417a8ebc	PNY-Lawspet	11.953354	79.818137	Puducherry	Puducherry
560c2c80-71e4-4cba-bfdc-a228a6174054	PNY-White Town	11.9312412	79.8095272	Puducherry	Puducherry
848af961-1a54-410e-b220-59a42507d39a	ATQ-Gumtala	31.6642465	74.8448465	Amritsar	Punjab
5aac43eb-1d12-4adb-b1ec-e3ce8e79807a	ATQ-Mohan Nagar	31.622785	74.89687	Amritsar	Punjab
9c668882-09c3-4d40-8a71-de5200ded97e	ATQ-Sandhu Colony	31.62767	74.80861	Amritsar	Punjab
69a4936b-bb91-4e5a-b524-41ec759d4aa7	JLR-Bhagat Singh Colony	31.35917	75.56608	Jalandhar	Punjab
5e770e6a-d0c6-4c35-b3b3-090a9d1f157b	JLR-BMC Chowk	31.316497	75.591066	Jalandhar	Punjab
1fc29afb-f9cf-4819-8af5-dc02edf25642	JLR-Jalandhar Heights	31.2676632	75.5870526	Jalandhar	Punjab
bfbe7463-5e2b-4358-9899-2dd0f8a631dd	JLR-JP Nagar Road	31.330721	75.563309	Jalandhar	Punjab
6d105ce4-1dd6-416f-86d3-310f7f2ffaab	JLR-Sunny Enclave	31.330448	75.614372	Jalandhar	Punjab
adff0588-4405-4d2c-ba0f-059a9e563839	JLR-Tower Enclave	31.29591	75.55938	Jalandhar	Punjab
9ac5f009-7623-4d1f-9b6a-d86e2f7c073e	LDH-Ferozepur road	30.903934	75.832245	Ludhiana	Punjab
2a607d6c-27cf-4475-a804-e99a363919c4	LDH-Hargobind Nagar	30.911503	75.868477	Ludhiana	Punjab
146ab60b-09e2-4856-8aa2-2f7c1a6977e6	LDH-Jamalpur	30.9023575	75.9106893	Ludhiana	Punjab
699290c8-7009-4704-82c7-e90e8ba1be3e	LDH-Pakhowal	30.864435	75.80634	Ludhiana	Punjab
94ec12c0-9fd4-45fe-aea4-1e41e70413fb	LDH-Rishi Nagar	30.916811	75.805462	Ludhiana	Punjab
9fb7a7ca-e61c-4904-b339-749b6b45bf09	LDH-Sarabha Nagar	30.890367	75.799782	Ludhiana	Punjab
7bd58b6d-6d2d-4056-8d6e-830f6d9f6e09	LDH-Urban Estate	30.866365	75.843149	Ludhiana	Punjab
044b3951-b27e-4dc4-b831-5698618b65d0	PAT-New Lal Bagh Colony	30.320601	76.38423	Patiala	Punjab
5744e8d8-2d5e-40d6-a0a1-6de5156dc8e7	PAT-Punjabi Bagh	30.3415	76.37979	Patiala	Punjab
309c7b5f-7840-442d-adc1-908c393f760e	PAT-Urban Estate	30.349294	76.443967	Patiala	Punjab
a0e51d17-0a52-4222-a1ff-777b700e5b30	SAS-Derabassi	30.58709	76.847152	SAS Nagar	Punjab
f625ba3c-a01b-4fb4-992e-18498a745538	SAS-Friends Enclave	30.633292	76.825098	SAS Nagar	Punjab
4a511ca9-e290-426b-8e0a-942d3f309896	SAS-Gillco Park hills	30.728968134859524	76.67361885380483	SAS Nagar	Punjab
46582e95-02a7-4eb6-b80a-526a5e73c6ae	SAS-Jal Vayu Vihar	30.76165018	76.66594959	SAS Nagar	Punjab
4889c148-d24c-4837-888b-fbb7c0d86a91	SAS-Jubilee Junction	30.672933	76.727499	SAS Nagar	Punjab
2bf9f3ff-7b68-4ac5-a814-1059b71840cf	SAS-Kharar	30.7658333	76.6255556	SAS Nagar	Punjab
d4185d5e-735d-441d-99bb-1ed22f277e6d	SAS-Peer Muchalla	30.658766	76.856497	SAS Nagar	Punjab
1fe58380-341b-4509-b712-a66f5aea2e86	SAS-Phase 8	30.711984	76.708541	SAS Nagar	Punjab
96e97213-52da-4e71-a1c3-b3a95e2edf43	SAS-Sector 127	30.72846	76.649391	SAS Nagar	Punjab
376a9a5f-23b2-40c8-9e64-07c14070f06d	SAS-Shivalik City	30.720391	76.650652	SAS Nagar	Punjab
856f5f52-8b1c-4089-b242-6c5dd371777e	SAS-Sunny Enclave	30.745005	76.652831	SAS Nagar	Punjab
7b2176ce-862d-4e58-9d5e-6373e729c2a6	SAS-Zirakpur Apple Heights	30.63755	76.81407	SAS Nagar	Punjab
44cd48b8-13b4-47a2-b689-11128d52c932	BWD-Milkapur	28.189369	76.819283	Bhiwadi	Rajasthan
b1f236d6-edfd-47eb-a6fe-dd5bbca86e4d	JAI-Adarsh Nagar	26.907474	75.830045	Jaipur	Rajasthan
07b1b3f7-203d-4d37-9297-1ea22235fe2c	JAI-Bani Park	26.933465	75.797009	Jaipur	Rajasthan
aec2283f-be4f-4545-87b0-febac02c9fc1	JAI-C Sceme	26.911833	75.803887	Jaipur	Rajasthan
188961a6-213a-4ab6-9d5d-2aaa495042aa	JAI-Chordia City	26.901199	75.7096577	Jaipur	Rajasthan
886e9e40-b38e-47ab-a15e-baa95f45f022	JAI-Govindpura	26.956855	75.708943	Jaipur	Rajasthan
e4a1792d-8ffa-4015-a415-e91fe2f01493	JAI-Hawasadak	26.891841	75.770729	Jaipur	Rajasthan
085097a9-564c-45fe-98d8-23d7fd268328	JAI-Indira Gandhi Nagar	26.83972367	75.87101554	Jaipur	Rajasthan
ecd420a4-fb9a-4d21-b002-fafa41a685ff	JAI-Jagatpura	26.803806	75.8729429	Jaipur	Rajasthan
f7caefb4-fd0c-43ee-bf5e-593a7bb33860	JAI-Kalyanpura	26.846189	75.759039	Jaipur	Rajasthan
c56338b2-6871-4193-b594-445cdb7706b3	JAI-Kankha Di Dhani	26.814305	75.763155	Jaipur	Rajasthan
c833cd5c-df44-42c9-865f-2035f4aa3c4e	JAI-Krishna Nagar	26.923404	75.730658	Jaipur	Rajasthan
d15971f7-4774-4119-badc-8c239a0b88ca	JAI-Mansarovar	26.864712	75.76753	Jaipur	Rajasthan
2036c1f6-0885-407c-a607-6a237897ae33	JAI-Nirman Nagar	26.885461	75.749982	Jaipur	Rajasthan
4db672ad-efd4-44f3-bd91-300233162d1c	JAI-Patrika Gate	26.8508893	75.8035401	Jaipur	Rajasthan
455d4f27-20fa-488a-ab60-54cb113e4f26	JAI-Pratap Nagar	26.806125	75.83429	Jaipur	Rajasthan
02dc6b57-1dfe-4efe-a57b-4324a830de78	JAI-Railway Colony	26.82617214	75.84603357	Jaipur	Rajasthan
5c9e9548-d311-4206-adc5-6d3918731d90	JAI-Suraj Nagar	26.945454	75.739318	Jaipur	Rajasthan
32989280-a610-4395-aca5-5ba4823af4bd	JAI-Tonk Phatak	26.876097	75.790882	Jaipur	Rajasthan
133688fc-cadd-4750-bb5f-f595c5eca821	JAI-Vidhya Nagar	26.958593	75.778522	Jaipur	Rajasthan
52250f99-81fe-404b-a8bf-b0ad335f5ec3	KTU-Dadabari	25.151212	75.836654	Kota	Rajasthan
b359ba27-8fe9-4c95-85f0-0939de00f5a4	KTU-Kunadi	25.2039	75.836	Kota	Rajasthan
bf18569a-7111-4e13-b389-edf020a1218d	KTU-Rangbari	25.119186	75.845908	Kota	Rajasthan
29d47abc-4861-444d-baf6-b32eb28f98a6	UDR-Fatehpura	24.600782	73.689251	Udaipur	Rajasthan
8dd0f61c-7734-4af8-b5e2-bf198cf6fe56	UDR-Hiran Magri	24.54674226129279	73.70105377921848	Udaipur	Rajasthan
ddd350df-f43c-408e-9d70-03fbf4417600	UDR-Pooja Nagar	24.562284	73.718927	Udaipur	Rajasthan
e3846f73-ac5c-4b6f-a467-946a66a6704c	UDR-Shobhagpura	24.600647	73.709322	Udaipur	Rajasthan
7cc8853d-4ba2-4537-808d-95a7adfcf500	CHENNAI-MYLAPORE	13.03872	80.25241	Chennai	Tamilnadu
ee6f8d8a-94dc-47c7-a4c5-7ea1efe3031b	CHN-ADYAR	13.00196700697597	80.2560087555934	Chennai	Tamilnadu
642dfd00-9fe4-4066-954c-40a9ba8c73f0	CHN-ADYAR NETWORK	12.97633	80.259243	Chennai	Tamilnadu
8c0bdb95-9f6b-4cd1-bd88-c304f5fce8e2	CHN-AMBATTUR	13.118442356686531	80.15887434280786	Chennai	Tamilnadu
d605b9c6-d32b-4771-a7db-87c450a5f34c	CHN-Ambattur Network	13.126177	80.148302	Chennai	Tamilnadu
9a0f103e-1350-4c05-9e96-e01e02e758e6	CHN-Anakaputhur	12.98489397	80.12837788	Chennai	Tamilnadu
aa16c37d-46a9-4e32-84b3-0e2401bd196f	CHN-Anna Nagar Network	13.077160707507689	80.20862053507403	Chennai	Tamilnadu
9b9d7e88-ebbd-4da8-8895-6c3909bd2860	CHN-Anna Nagar New	13.090293	80.215347	Chennai	Tamilnadu
7cd6cb01-f62f-4c1a-8b2c-21c20b17526a	CHN-Ashok Nagar	13.03675374	80.19937905	Chennai	Tamilnadu
e778b1ff-3517-4038-a2b8-674d99d937f4	CHN-Avadi	13.1176536	80.0943567	Chennai	Tamilnadu
01c75445-012e-4df6-b075-6856318038cc	CHN-Ayanavaram	13.095466	80.233032	Chennai	Tamilnadu
4094e2e2-e495-4375-843d-1376747202c5	CHN-CHITLAPAKKAM	12.927312	80.144457	Chennai	Tamilnadu
b51017b6-8aed-4bff-a391-ba12ec8f9cee	CHN-Chromepet	12.944697	80.140698	Chennai	Tamilnadu
cbb87b63-9d7e-44bc-a5e5-38972f48f45e	CHN-ECR	12.936704815201308	80.25222145767073	Chennai	Tamilnadu
65833924-5a42-4378-9556-8d10945f5a37	CHN-GERUGAMBAKKAM NETWORK	13.019159	80.166867	Chennai	Tamilnadu
2a82431b-9c30-453e-a6b9-4dc586ae5e75	CHN-Govarthanagiri	13.098921	80.108276	Chennai	Tamilnadu
3994880c-5e18-4de9-9f68-847c18108e27	CHN-Guduvancheri	12.819854	80.04262	Chennai	Tamilnadu
534be34c-5cc2-4882-b34a-ddb1ece9eaf1	CHN-Guduvancheri lake	12.85027205	80.05165254	Chennai	Tamilnadu
f7f23e4a-92a3-4b7a-b913-28df57301982	CHN-Irumbuliyur	12.912454	80.105023	Chennai	Tamilnadu
efd2842c-1082-4dbe-9081-59268d89cf0c	CHN-Iyyappanthangal	13.042644	80.134988	Chennai	Tamilnadu
a25f2e2f-5336-4195-93f1-a7cd6d1be9d1	CHN-Kelambakkam Network	12.807574	80.22292	Chennai	Tamilnadu
a1e3515e-8dbb-4e71-b521-0b6ae27126be	CHN-KELAMBAKKAM New	12.79095665	80.22118779	Chennai	Tamilnadu
8e706906-0373-4de9-b9f7-cbfcc5ab2bca	CHN-KK Nagar Network New	13.034808	80.169856	Chennai	Tamilnadu
ffb97d6d-e865-4bf7-a4e4-4b95ebc3b7d9	CHN-KK Nagar Network-2	13.0612	80.184319	Chennai	Tamilnadu
3e8e86b0-7446-4d8f-96b6-f5666be04ee9	CHN-KK Thazhai	13.163742	80.254553	Chennai	Tamilnadu
7fbf2dd5-101c-4f92-802d-728264804add	CHN-KKNAGAR NEW	13.0452296	80.1932739	Chennai	Tamilnadu
ea4890e8-3b15-48bc-9bcf-3da119ebbbd8	CHN-KKR Nagar	13.14502007	80.23475124	Chennai	Tamilnadu
9aeff763-d5ea-4f7e-a2fd-a4b6e9e9e8eb	CHN-Kolathur	13.13736551	80.21756962	Chennai	Tamilnadu
3054cc18-1476-426c-a67b-51028bd50319	CHN-Kovilambakkam	12.93949209	80.18215	Chennai	Tamilnadu
efe487f5-0138-496c-9360-ba76a80cd46f	CHN-KUMANANCHAVADI	13.04614	80.11744	Chennai	Tamilnadu
0e3197dd-32d8-47f6-88ce-bf4e94bbd0f8	CHN-Madambakkam Network-2	12.89781	80.142832	Chennai	Tamilnadu
0f63c763-901b-4a64-8c53-da415735616b	CHN-Mahindra World City	12.730437	79.997378	Chennai	Tamilnadu
8c5cc6a4-843f-4ace-a59d-4547a9ff9e8a	CHN-Manivakkam	12.890704	80.066877	Chennai	Tamilnadu
0fbf57e9-75ca-499b-94d5-479f33b564ea	CHN-Maraimalai Nagar	12.788993	80.020219	Chennai	Tamilnadu
56b257df-32c7-482f-9963-01ec865624c3	CHN-Medavakkam Network	12.9279	80.20017	Chennai	Tamilnadu
eae819e6-830f-4bc1-95ef-514cab9dbdbd	CHN-Mogappair Network	13.10177749030884	80.19337758822826	Chennai	Tamilnadu
1e32417a-1c1c-4f1c-972e-9852a27904d0	CHN-Mogappair New	13.078271	80.180817	Chennai	Tamilnadu
6ed3a9c3-c895-4156-be65-4643c5f91b0f	CHN-Moolakazhani	12.819643	80.080115	Chennai	Tamilnadu
993f0320-ff43-4904-aca7-570e60b128bd	CHN-Mount Road	13.0810031	80.2562947	Chennai	Tamilnadu
2e2bb69c-1bee-4ae1-b0ad-5d74128d8ebf	CHN-Mudichur Network	12.920139	80.090598	Chennai	Tamilnadu
9a0ea877-80f5-441f-b63a-6f2c8eef3832	CHN-Mylapore Network	13.0487968	80.2688796	Chennai	Tamilnadu
22cd61da-18f7-490b-9394-24abc3780214	CHN-Mylapore Network-2	13.0568179	80.2584586	Chennai	Tamilnadu
aff88637-57fd-492a-91a6-52c08d65b44b	CHN-Nandambakam New	13.020427	80.202178	Chennai	Tamilnadu
64b8c907-1b43-4f03-a739-fa20d2ac339f	CHN-Nanganallur Network	12.964934207507785	80.21121709408095	Chennai	Tamilnadu
6940d67b-8f25-4a93-a0b1-9bad67479c03	CHN-Nanganallur New	12.968399	80.189262	Chennai	Tamilnadu
86ec9fc6-ed4b-4674-8175-68c88c75c16f	CHN-Narayanapuram	12.939346	80.204684	Chennai	Tamilnadu
7435fb66-e8cd-436b-9471-199862cc9fa1	CHN-Navalur Network	12.82142	80.20477	Chennai	Tamilnadu
5a9291a1-3743-44ad-9c10-9d458d5b6325	CHN-Navalur New	12.8433031	80.227891	Chennai	Tamilnadu
5a1efe1d-fe99-4c6a-a79f-fe807d6ea14d	CHN-Nolambur	13.077016	80.168452	Chennai	Tamilnadu
a98f0f81-73ab-4839-8d06-4e9427680054	CHN-Nungambakkam new	13.065389	80.229306	Chennai	Tamilnadu
a52ebbf0-7cb9-4f42-b93a-bae2fc72f4ab	CHN-OTTERI	13.08887607336771	80.25064602331365	Chennai	Tamilnadu
f503f309-0f93-4388-850f-1091f44232e0	CHN-Palavanthangal	12.990941	80.190823	Chennai	Tamilnadu
3587d930-d517-4847-8e2c-c48ecabeba45	CHN-PALLAVARAM	12.963639	80.163972	Chennai	Tamilnadu
443fffe1-024b-4c04-9b3a-eaf3af01c83d	CHN-Pammal Network 2	12.979998	80.13662	Chennai	Tamilnadu
083a3e0d-4b0c-4353-927f-02c4614e6f47	CHN-Pammal new	12.968195101734313	80.13349775348924	Chennai	Tamilnadu
5d83d37a-c7fa-4891-b9dd-72c9d308f862	CHN-Parrys	13.10333543	80.281471	Chennai	Tamilnadu
6db09732-73a0-424c-b528-1778ad7ba7e5	CHN-PERAMBUR NEW	13.11858136085829	80.2283102393704	Chennai	Tamilnadu
27f14bc8-3989-446f-b877-52a87b4f39fb	CHN-Perumbakkam Network	12.877048	80.198829	Chennai	Tamilnadu
37e0300a-af5d-494a-a88e-de79f61c4dde	CHN-Perungudi	12.953948	80.235458	Chennai	Tamilnadu
65505923-68ad-4bd1-8258-cbff0d32e938	CHN-Puthagram	13.133006	80.192203	Chennai	Tamilnadu
c8f9f22d-b083-4eb1-894d-47b4daeeb2b5	CHN-Saidapet	13.023149	80.226517	Chennai	Tamilnadu
848f8163-34e5-49ea-8da1-f7ca9ae06aaf	CHN-Sakthi Avenue	13.016382	80.138919	Chennai	Tamilnadu
3c87aea3-d63e-4765-bf86-2fd7a8c1ebff	CHN-Santosh Nagar	12.911353	80.182789	Chennai	Tamilnadu
aae1e2ef-3de3-4662-ab2d-b5734264b384	CHN-Sathyavani	12.8933	80.23208	Chennai	Tamilnadu
cd810e0e-6373-4ae8-b18d-c040393a4191	CHN-Sholinganallur New	12.930555	80.232566	Chennai	Tamilnadu
600240d4-efb5-484c-ac8a-2dbfe997975a	CHN-Sithalapakkam	12.884915	80.109885	Chennai	Tamilnadu
0f8103ff-a85c-40ac-8658-ffecaa4fb853	CHN-Sivan Nagar	13.138587	80.288094	Chennai	Tamilnadu
49e487f6-07bf-48f9-b379-203f76c11964	CHN-Sothupakkam	13.1934874	80.1829507	Chennai	Tamilnadu
198b7ff3-353f-4735-bf3f-75b180544478	CHN-Thirunagar	13.053239	80.21262	Chennai	Tamilnadu
4ab9ad5d-75ba-4cca-93cd-9f40062825c7	CHN-Thoraipakkam New	12.96051	80.2468	Chennai	Tamilnadu
e842cdf7-9206-4281-9724-f8ac8bf69cdc	CHN-Tirumudivakkam	12.968377	80.105767	Chennai	Tamilnadu
691e4cd7-b08a-421b-a35d-6c89173b796e	CHN-TNAGAR Network	13.0333634	80.2202217	Chennai	Tamilnadu
5e8d4098-c224-4159-b6a3-6f6086e5ba96	CHN-TNAGAR NEW	13.041139	80.238083	Chennai	Tamilnadu
956303ea-b445-47a0-94b3-7e3ab9066b5f	CHN-TNHB Layout	13.095310939986273	80.14660066230965	Chennai	Tamilnadu
2699f532-61f3-431f-aab3-db586ec14085	CHN-Vanagram	13.068948061784846	80.15324054279078	Chennai	Tamilnadu
dfb0d9eb-9cf0-4629-aa03-ba2cf9626042	CHN-VANDALUR	12.85713	80.06885	Chennai	Tamilnadu
9d8675c2-d6fe-4285-a3fd-8e24281ccb28	CHN-VANDALUR NETWORK	12.86445	80.07919	Chennai	Tamilnadu
fb0d381c-e38f-4bcc-a5f8-872e3e033e62	CHN-Velachery Network	12.97692	80.21513	Chennai	Tamilnadu
3ad99f22-61be-4afe-8f58-d2958dae7f39	CHN-Velachery New	12.988306	80.203389	Chennai	Tamilnadu
839c4631-7b88-4c92-b55f-fe1fd4a12303	CHN-VGM Street	13.053661	80.24532	Chennai	Tamilnadu
13e48e2d-b274-45cf-a675-0b6b7a05a36b	CHN-Vyasarpadi	13.127247	80.258125	Chennai	Tamilnadu
b4d53703-4b49-4a38-85ca-7e321d1d5222	MADAMBAKKAM	12.916194	80.152222	Chennai	Tamilnadu
4f1a8aec-600b-429b-81e8-c9ecebf9b5da	TAMBARAM	12.928668552771864	80.1154870844817	Chennai	Tamilnadu
d109333b-96c0-49ee-a78d-4966d79710a6	COI-Parashakti nagar	11.044423	76.983716	Coimbatore	Tamilnadu
7c110981-0c36-40b5-bb49-0747b65c619d	COI-Peelamedu	11.022589	76.99613	Coimbatore	Tamilnadu
c0217c50-c66f-4c95-bc01-185979f9e33a	COI-Race Course	11.000499	76.98718	Coimbatore	Tamilnadu
02e94766-b296-4233-b2ec-4989686163ec	COI-Ramnathapuram	10.995934	77.002709	Coimbatore	Tamilnadu
4942530d-03e3-44f5-ba28-30c05c238e24	COI-Sai baba colony	11.033708	76.948121	Coimbatore	Tamilnadu
6e8bac7d-b774-43ae-9fba-3a2c9ce4637a	COI-Singanallur	11.004333	77.029363	Coimbatore	Tamilnadu
64391366-c8d4-4b3d-961e-a632a6458d06	COI-Sundarapuram	10.954753	76.975236	Coimbatore	Tamilnadu
24161f96-e91b-451f-ae76-79a5c7469496	HOS-Hosur	12.72144	77.823116	Hosur	Tamilnadu
bbac9ca2-197d-4500-b9d8-20ecea9d1a81	MDU-Krishnapuram	9.944091	78.127707	Madurai	Tamilnadu
2abca56f-4918-4aa7-b110-34068bd40d7e	MDU-SS Colony	9.914887	78.094715	Madurai	Tamilnadu
8bbd3120-1502-4ab1-a042-10b6191176df	MDU-TVS Nagar	9.903672964	78.1014393	Madurai	Tamilnadu
b91aec1b-7f2b-45a0-b047-bf7750d4d193	MDU-Villapuram	9.896385	78.118977	Madurai	Tamilnadu
8ee2719c-97ed-44a2-a32e-7dceac0a7e55	VEL-Thottapalayam	12.935197	79.148754	Vellore	Tamilnadu
1dee02ae-10d8-449b-8dbc-162dcb20edbe	VEL-VIT	12.968328	79.152243	Vellore	Tamilnadu
18073c2e-7d0d-4096-b0e0-c8b5f7454446	HYD_MIYAPUR	17.49290969105258	78.35278852664352	Hyderabad	Telangana
ada60f46-a0a6-4737-9ed4-614f58c1b6ed	HYD- BEGUMPET	17.435793	78.483413	Hyderabad	Telangana
ca648d74-89e2-415d-98d5-7ff5c233898c	HYD- Sainikpuri New	17.50275679512329	78.54592262199633	Hyderabad	Telangana
9c01eb65-1a76-4b02-985f-1eae1b8c2ca2	HYD-Alkapur township	17.397111	78.36725	Hyderabad	Telangana
819d4daf-ab7a-4291-be40-3070ebb46cec	HYD-ALWAL	17.51427474100308	78.48976787865101	Hyderabad	Telangana
ad87f09e-6b7e-40d4-99e7-2776aaf587a1	HYD-Ameenpur	17.52584138	78.31925768	Hyderabad	Telangana
207f5863-3807-437d-bb18-593da3befb60	HYD-Ameerpet New	17.4311792	78.43302146	Hyderabad	Telangana
b9641f44-b385-4cbd-816e-6dceeff911b0	HYD-APCO Colony	17.368778	78.576139	Hyderabad	Telangana
83e33858-a13f-4c67-a016-07de0cce8043	HYD-Attapur	17.365683144806347	78.42128093818215	Hyderabad	Telangana
8ffc7380-5ace-4a2b-b8c9-f4e85364d14c	HYD-Bachupally New	17.53993	78.3660868	Hyderabad	Telangana
d3b1134c-67ad-483b-ae21-de0d090cd4df	HYD-Bairaghiguda	17.3570581	78.3854925	Hyderabad	Telangana
e9c206f4-5e36-40ea-9d34-071b0c016be3	HYD-BAIRAMALGUDA	17.33527595	78.55255546	Hyderabad	Telangana
bd86f0fb-6044-45d9-be30-8b58c26e3688	HYD-Bandlaguda	17.32266369	78.48882528	Hyderabad	Telangana
77acda94-75cc-4146-952c-813f5bd745dd	HYD-Banjara Hills new	17.414844406474053	78.45113748124795	Hyderabad	Telangana
5dce0ecb-2c78-4578-92b8-b76780ec63bd	HYD-Begumpet Network	17.44463251	78.46286575	Hyderabad	Telangana
cc426fcd-a674-42dd-bae4-12b871b14758	HYD-Bharat Nagar	17.4733889	78.4246389	Hyderabad	Telangana
b9881384-2b90-44c7-8af2-e22c10f20ca2	HYD-Bhola Nagar	17.40773315	78.44162204	Hyderabad	Telangana
b38414a7-3fac-439c-a764-2133973bf49e	HYD-Bolaram Industrial Area	17.529276	78.357285	Hyderabad	Telangana
8303b80f-8aea-4d15-9c54-ef1b3c12b6e5	HYD-BOLARUM	17.5265278	78.5129444	Hyderabad	Telangana
f89c559b-54ab-418f-a913-43d57c6d2d77	HYD-Borabanda	17.456517	78.411404	Hyderabad	Telangana
cf454a02-0633-4d96-8d45-9c90076d3b04	HYD-Bowenpally New	17.471487	78.48217	Hyderabad	Telangana
6c29b2d5-b725-49c6-908e-11fca9619a44	HYD-Champapet	17.34588938	78.52279126	Hyderabad	Telangana
6671859b-cb7c-4dc7-bba6-d6554b27b7b2	HYD-Chanchalguda	17.366977	78.492063	Hyderabad	Telangana
5fdd59f9-d697-4c3e-994f-546e61ede738	HYD-Chanda Naik Nagar	17.45501576	78.3965608	Hyderabad	Telangana
cdfc1ee0-04f2-4bf1-afa7-ce41be802b28	HYD-Chandanagar New	17.49491225692942	78.31759318818943	Hyderabad	Telangana
5eb1e899-1cb8-4374-a4de-69cf86cc36cc	HYD-Chandrayangutta	17.314587	78.462774	Hyderabad	Telangana
7ed513e4-0a4c-453d-9446-7ab609bafdbf	HYD-Charminar	17.362577	78.463435	Hyderabad	Telangana
cd6c08c9-56dc-4f63-8aee-c53fbd38927b	HYD-Chengicherla	17.432703	78.597353	Hyderabad	Telangana
31405d9d-2f32-4f47-b1c0-6df1ad5b405d	HYD-Chintalmet	17.3493007	78.4177916	Hyderabad	Telangana
c96055f6-ed06-46e5-93af-58fa1a374792	HYD-DAMMAIGUDA	17.5013263	78.5877951	Hyderabad	Telangana
c970d888-4dd3-4658-bb86-07830d78296c	HYD-Domalguda	17.4074167	78.4824722	Hyderabad	Telangana
c58033dc-cb75-414a-8c20-b1e0825c812d	HYD-Dulapally	17.542619	78.47593963	Hyderabad	Telangana
06629b33-6f9f-4e0d-a919-bacd9c88661c	HYD-ECIL New	17.46219887	78.56375634	Hyderabad	Telangana
9cb04932-56b9-4c1b-9989-6fd69be4cc12	HYD-Financial District	17.41181071	78.34279672	Hyderabad	Telangana
8f97a712-462e-4382-a597-32da737f7260	HYD-Gudimalkapur	17.3828056	78.43375	Hyderabad	Telangana
700d1509-0a10-4ca8-87b9-f8c3e612fb5c	HYD-Gundlapochampally	17.5660556	78.4802222	Hyderabad	Telangana
b2b8106d-74fa-4f6c-8edb-e491da91ddf1	HYD-Habsiguda	17.399693	78.542595	Hyderabad	Telangana
1970c36d-650d-4be8-8c28-45f89fbc6384	HYD-Hayathnagar Khalsa	17.332441	78.600585	Hyderabad	Telangana
6fdc556b-2daf-480a-b272-b48c18e4460c	HYD-Hill County	17.52218217	78.37476449	Hyderabad	Telangana
8275a3ee-3b08-4201-9be3-6e12aed69ea9	HYD-HimayatNagar New	17.39430829	78.48648504	Hyderabad	Telangana
3f391c43-b41c-43e8-b378-34f272c6296c	HYD-Hitech City	17.4317775	78.3734138	Hyderabad	Telangana
5ca7734d-e625-4328-8588-a4a102966b36	HYD-Hitech City Network	17.44529653	78.35592404	Hyderabad	Telangana
51105160-a1d9-4c13-a33b-42f59c0ab7d1	HYD-Indis Pble City	17.35383641	78.36980127	Hyderabad	Telangana
a1c954c0-215a-4270-9df6-1ea27453083f	HYD-Jagathgiri Gutta	17.50541659	78.42731633	Hyderabad	Telangana
a466fff3-62f1-4065-bfab-4ed019c39afc	HYD-Jeedimetla	17.526245	78.428032	Hyderabad	Telangana
b2b682f4-7010-4945-b0bf-6e55df78f39d	HYD-JUBLEEHILLS	17.424047	78.412773	Hyderabad	Telangana
f275b3c5-5538-46b4-940f-82d9358dba84	HYD-Kachiguda	17.3948246	78.5003449	Hyderabad	Telangana
5369c87b-f60c-40ad-a57d-8729da87e72f	HYD-Kapra	17.48647	78.56183	Hyderabad	Telangana
ebad4c79-770a-495f-88bf-6d99b2acc4e8	HYD-Kavuri Hills	17.4396869	78.3964842	Hyderabad	Telangana
2a3b1c03-c42a-484e-bdd9-bc853efd6fca	HYD-Kings colony	17.3256389	78.4500278	Hyderabad	Telangana
ed887f36-42af-4fcb-92b8-e626ff12058b	HYD-Kokapet	17.383792	78.341412	Hyderabad	Telangana
ad36d77c-bdd7-427c-bbab-089efa9b5b1e	HYD-Kompally	17.526434	78.484016	Hyderabad	Telangana
4c79b92b-aa06-420e-8af9-c385a233be62	HYD-KONDAPUR NETWORK 2	17.467594828983522	78.36751090823947	Hyderabad	Telangana
2d8ae8c3-c7c3-4826-8802-e386af7f5385	HYD-KONDAPUR NEW	17.470378875732422	78.35928344726562	Hyderabad	Telangana
0da49a11-dc9d-46d6-aff6-c33d197f8992	HYD-Kothapet Network New	17.3671867	78.5207456	Hyderabad	Telangana
1c165a3a-e315-4aa5-a644-5a17b307b68e	HYD-KOTHAPET NETWORK-2	17.376299356210254	78.5566787956357	Hyderabad	Telangana
adec0623-e83c-46cc-9eef-d33b4486d054	HYD-KOTHAPET New	17.373297	78.543314	Hyderabad	Telangana
f9e3fcb4-fe52-4901-b9d8-f8817d8f9045	HYD-KPHB Phase 6	17.4854021	78.3895281	Hyderabad	Telangana
a2271e79-a91e-4f7a-8a89-c69982cb5fbc	HYD-Kukatpally new	17.48880868	78.38138731	Hyderabad	Telangana
9b6c805a-0324-4d78-96c0-0e9c3dec81ff	HYD-Kushaiguda	17.481737	78.577863	Hyderabad	Telangana
cf3c7b38-d1af-4f20-ba14-8f1386ea3c45	HYD-LB Nagar	17.35207396	78.5543485	Hyderabad	Telangana
13ffc117-24d6-4854-a53e-a51d7330973e	HYD-MADHAPUR NETWORK	17.4514128	78.3901131	Hyderabad	Telangana
7f29c0fa-d7a3-4171-8b8b-36f9df214049	HYD-Malkajgiri	17.4687763	78.545844	Hyderabad	Telangana
29f978f1-5bc3-4358-a811-4b817ebebfcb	HYD-Mallampet	17.5585283	78.3612617	Hyderabad	Telangana
a711add6-8a26-4dde-b204-d68ea1e9386a	HYD-Mallapur	17.441291	78.563521	Hyderabad	Telangana
351f1ba8-e6e4-4f44-97bc-40f0a23568f2	HYD-Manikonda Network	17.39326289	78.35983441	Hyderabad	Telangana
36cd2c76-4ad6-4cb7-8ee2-beebba1d15ad	HYD-Manikonda Network 2	17.41368	78.377369	Hyderabad	Telangana
1cd83478-5874-45ea-8d9a-d2ac95d461e3	HYD-Manikonda New	17.40248658	78.38178394	Hyderabad	Telangana
95bc5024-3ef7-49b5-80a9-9c9df49638dc	HYD-Medipalli	17.403365	78.592185	Hyderabad	Telangana
c7cea2d4-d5c9-476b-aa5e-8c72bad4148d	HYD-Meerpet	17.320985	78.521771	Hyderabad	Telangana
bb713aac-cd12-4b4d-9026-704e3deaaac3	HYD-MEHDIPATNAM	17.394537	78.426308	Hyderabad	Telangana
2b293e1e-3e46-4377-aa87-b860c58730c9	HYD-MEHDIPATNAM Network 1	17.404861	78.407028	Hyderabad	Telangana
26ec9b6b-b566-4f36-b5dd-eb6fb92a0caf	HYD-Miyapur Network	17.5042463	78.3585064	Hyderabad	Telangana
ab5ca9c7-151c-45c6-97df-5a4844e981ea	HYD-Moosapet Network 2	17.44994479941418	78.45024531645228	Hyderabad	Telangana
6893b298-d63b-4c4f-b155-2e4a0ca502d5	HYD-Moosapet New	17.45930686	78.42360236	Hyderabad	Telangana
1d4f476d-d3b5-4d50-b5c6-59e884db47b3	HYD-Moti Nagar Phase III	17.450874	78.422597	Hyderabad	Telangana
e4cb21ce-7d08-43cf-af28-bf84bac6e094	HYD-MUSHEERABAD NEW	17.421277	78.499561	Hyderabad	Telangana
1db604d7-9540-4318-b7db-bf6d7b265a5b	HYD-Nagole	17.36373022	78.55743011	Hyderabad	Telangana
3099e4ba-785d-4de5-81e1-f4a9f8707beb	HYD-Nallagandla 2	17.45844099	78.30385401	Hyderabad	Telangana
f0d7e6e8-969c-4cdb-8505-3fa1e55790b1	HYD-NALLAGANDLA NEW	17.467098236083984	78.30860137939453	Hyderabad	Telangana
b1bd6011-b070-4300-81cd-07f886eca089	HYD-Nampally	17.390136	78.4553022	Hyderabad	Telangana
da5149e0-007e-4134-bc25-497d6ea3c5b2	Hyd-Nanakramguda	17.42374138	78.3296038	Hyderabad	Telangana
d0b70cf4-c0f4-4a87-9d3e-01fcdcc29ff1	HYD-Napier Lines	17.465135	78.483465	Hyderabad	Telangana
0c0d1420-27e4-46b9-84d5-b7337e19154a	HYD-NCB Enclave	17.4644585227638	78.3456015932205	Hyderabad	Telangana
8c84e7ae-6e94-48f2-b4c8-af6c199aef1b	HYD-Neknampur	17.393	78.376462	Hyderabad	Telangana
1a13c8ef-91b4-462b-b27d-45451693f7a2	HYD-NIZAMPET NETWORK 2	17.5056111	78.3914722	Hyderabad	Telangana
6d4b8a87-d966-4f00-bd1a-69919409731b	HYD-Nizampet New	17.515805591411326	78.38155986695547	Hyderabad	Telangana
d4183ad0-d407-4321-89ff-c1ee36a05553	HYD-PJR Layout	17.507607	78.336183	Hyderabad	Telangana
d54cc989-bc58-4cb9-9c2e-3a3468546c3f	HYD-PRAGATHI NAGAR	17.53127614	78.39400556	Hyderabad	Telangana
a898c8dc-70a7-4af3-9bf8-7907d6d6f5de	HYD-RAMANTHAPUR	17.3956491009958	78.52678736237874	Hyderabad	Telangana
2cfbd70a-856b-4e58-8d32-0b5d389c4458	HYD-Ramnagar	17.40636657654546	78.50750374057317	Hyderabad	Telangana
7a85bcbe-fbfc-4ad8-be93-9da42c05a380	HYD-RC Puram New	17.530935	78.296639	Hyderabad	Telangana
75da7658-287b-4977-8274-a9f62c2e00a7	HYD-RTC Colony	17.4745243	78.4985598	Hyderabad	Telangana
5afbd13c-b8be-4b40-a643-b0322e48117e	HYD-Sai Nagar Colony	17.514847	78.28822	Hyderabad	Telangana
55b244f4-1068-4dfc-be57-0aee061bc311	HYD-Santosh Nagar	17.355972	78.503853	Hyderabad	Telangana
c21e59b4-2cb0-42ae-afd2-2aa6c3026918	HYD-Saroor Nagar	17.3514295	78.5391096	Hyderabad	Telangana
ebda3286-c632-4006-9315-f16801470a0a	HYD-SECUNDERABAD	17.448543	78.508933	Hyderabad	Telangana
63e388dc-b10f-48eb-9ee5-4f680d5b8824	HYD-Secunderabad Network	17.4494167	78.5314167	Hyderabad	Telangana
6500290b-eea8-460e-a447-14e27bbfe116	HYD-Shaikpet	17.40972287	78.39461117	Hyderabad	Telangana
936f8969-5c1b-4ebc-976b-ee4324c0accb	HYD-Singapore Town Ship	17.436627	78.643496	Hyderabad	Telangana
8ecd89b5-1413-49cd-8087-320f363c0ede	HYD-Sri Ram Nagar	17.46043491	78.35278414	Hyderabad	Telangana
67ec5278-78c4-4654-b67d-c0433f5406c7	HYD-Suchitra New	17.50492681	78.46745727	Hyderabad	Telangana
1b997590-99e0-4da0-96a6-4eeeaf13ca2e	HYD-Sumitra Nagar Colony	17.48913882	78.41357257	Hyderabad	Telangana
1712e422-5717-4540-88ff-b22ef46f4963	HYD-TARNAKA	17.433454	78.555628	Hyderabad	Telangana
314533d4-8bd7-4985-8ca5-9b737431149b	HYD-Tellapur	17.46541712	78.2886111	Hyderabad	Telangana
dbd6a04a-5071-4177-aaa9-b7ce6950fd2b	HYD-UPPAL	17.407021	78.569405	Hyderabad	Telangana
4565fffb-f4fa-4808-91e1-31e69f6ac9df	HYD-Uppal Network	17.4193227	78.5720739	Hyderabad	Telangana
b32bcacd-f047-47c1-a3b8-c1ccacf364a8	HYD-Vanasthalipuram	17.336359	78.571198	Hyderabad	Telangana
aed3e474-bd2f-4577-bd79-b74b53ce9e4e	HYD-Vinobha Nagar Colony	17.4829801	78.5417257	Hyderabad	Telangana
43b12c97-dc99-431a-9ba3-e3cde9c716bb	HYD-Vivekanand Nagar Network	17.5060386	78.4083068	Hyderabad	Telangana
ce354a55-f185-4de0-ba8b-50d62ea483d1	HYD-Vivekananda nagar New	17.49343878	78.42433866	Hyderabad	Telangana
a98b17a7-c155-4e4e-8b87-bfb5ac1a44a2	HYD-Yosufguda	17.43610093	78.4290556	Hyderabad	Telangana
fa4d495a-c01f-4132-9be3-89c4cf72dd7b	KAR-Ganesh Nagar	18.42255036	79.13438491	Karimnagar	Telangana
d096ba7c-7e56-41ec-adc1-8b71b0107da1	KAR-Sapthagiri Colony	18.43315635	79.11304832	Karimnagar	Telangana
a06b81f7-ce53-499c-bcd0-768ec804abae	KAR-Vavilalapally	18.45129845	79.1203944	Karimnagar	Telangana
561f9537-1e81-4654-a9e0-6144a15caa90	WGC-Girmajipet	17.9919722	79.5936389	Warangal	Telangana
11a1e128-1519-49ad-b0ab-2f4b64c65cad	WGC-Hanamkonda	18.004485	79.540661	Warangal	Telangana
48ff71eb-60ab-412e-937c-cdef9b1d3a33	WGC-Kareemabad	17.956337	79.600845	Warangal	Telangana
805ea004-3262-4094-9df6-0b87ad6d1476	AGR-Dayalbagh	27.228526	77.996917	Agra	Uttar Pradesh
49e49285-a768-494f-9429-89a6cf673007	AGR-Jaipur House	27.189279	77.984588	Agra	Uttar Pradesh
482b8c90-9e75-4390-9884-64f00a4ce22c	AGR-Sikandara	27.20208583	77.9454795	Agra	Uttar Pradesh
3e923d42-7bf6-4c91-8f17-19058109b19b	AGR-Tajganj	27.1523252	78.0565715	Agra	Uttar Pradesh
ea4957dd-2004-479b-8817-569aa932f824	BEK-Green Park Colony	28.3609167	79.4588056	Bareilly	Uttar Pradesh
e28ae9bc-cda0-445f-a13a-a2ebe0260fef	BEK-Janakpuri	28.375635	79.421319	Bareilly	Uttar Pradesh
0be324c2-79de-426d-8d78-24b4d50cd9b4	BEK-Mahanagar Colony	28.39054323	79.45453077	Bareilly	Uttar Pradesh
609b769b-43f4-4de9-8989-7dc8c2b5cdc2	BEK-Rampur Garden	28.347679	79.429551	Bareilly	Uttar Pradesh
7ace5e2b-b072-4daf-978c-4577484a363d	GZB- Harson	28.677582	77.475938	Ghaziabad	Uttar Pradesh
6065ae05-53da-45bf-89ce-474215022b49	GZB- Nyay Khand	28.638189	77.359465	Ghaziabad	Uttar Pradesh
4fd851db-0ec5-499e-9c7b-724a03966eb8	GZB-Crossing Republic	28.626005	77.43981	Ghaziabad	Uttar Pradesh
526b1499-dbae-4fc6-b67d-70e350768cae	GZB-Gagan Vihar	28.701712	77.33354	Ghaziabad	Uttar Pradesh
31daaa17-a00e-4c92-b4bc-34fb69d5bba7	GZB-GAUR CITY	28.619894	77.417216	Ghaziabad	Uttar Pradesh
e94a9a29-8a14-449a-95d0-f9beb57f3904	GZB-Gaur City Network	28.624225562257248	77.42507971136155	Ghaziabad	Uttar Pradesh
5bc98314-fe7f-490b-a41c-cb478ab34dd9	GZB-Gyan Khand	28.643889	77.349417	Ghaziabad	Uttar Pradesh
227bb9ab-e8bd-41f3-99d7-4c6916401166	GZB-INDIRAPURAM Network 2	28.65466393184114	77.361811796105	Ghaziabad	Uttar Pradesh
46447215-f214-4e66-9e93-26a5d8509daa	GZB-Indirapuram Network-3	28.64172	77.371997	Ghaziabad	Uttar Pradesh
aa4c6307-c5ae-46c8-8c4d-9750b2bf193f	GZB-Indirapuram Network-4	28.658135	77.377902	Ghaziabad	Uttar Pradesh
4ab87b63-ecc0-48ff-9f76-1ab67b5495bd	GZB-Jalalabad	28.7170927	77.455915	Ghaziabad	Uttar Pradesh
a0671666-f881-4ee0-aa9b-bcd3ee58d19d	GZB-Kaushambi	28.633766	77.327194	Ghaziabad	Uttar Pradesh
3a9d3627-e56b-4584-ab9f-ed78e1903ed4	GZB-Krishna Vihar	28.72237	77.32201	Ghaziabad	Uttar Pradesh
e85e67f1-ab37-4e67-be93-1a2d5ab95185	GZB-Loni	28.74279	77.28761	Ghaziabad	Uttar Pradesh
961f1f02-65c5-403a-a32f-edaf705eadfd	GZB-Loni Road	28.680484	77.379311	Ghaziabad	Uttar Pradesh
0ea53a34-8b00-4f97-b9c1-9cab4eba4f40	GZB-MADHUBAN BAPUDHAM	28.698249	77.486097	Ghaziabad	Uttar Pradesh
9979be1b-cc60-4f14-9a4b-853338c8561b	GZB-New Gandhi Nagar	28.656541	77.43613	Ghaziabad	Uttar Pradesh
968d8cb9-f237-415d-af02-adc67bacce06	GZB-Niti Khand II	28.646434	77.364893	Ghaziabad	Uttar Pradesh
08c4b285-4a72-4fe8-b25d-6d4b24982703	GZB-Pratap Vihar	28.655726	77.4010239	Ghaziabad	Uttar Pradesh
2027ae67-e366-4f60-ab7d-64ffbebfeee0	GZB-RAJ NAGAR	28.672102	77.439757	Ghaziabad	Uttar Pradesh
8d0f1225-d15a-408c-876e-6cc42d2c229a	GZB-Raj Nagar Extension Network	28.706309	77.417538	Ghaziabad	Uttar Pradesh
cd3f5394-9700-484e-97d7-7d68e3a620af	GZB-Sahibabad New	28.66749031	77.33111451	Ghaziabad	Uttar Pradesh
6e5b43c7-af2f-4b55-af47-72c69fb22bf9	GZB-Sanjay Nagar	28.694916	77.454758	Ghaziabad	Uttar Pradesh
d955c760-9c2f-4001-b7bd-24b8b4ce38b0	GZB-Sector 2	28.6813333	77.3598611	Ghaziabad	Uttar Pradesh
b0e1957d-a3c6-4f2e-9b73-ab0c026194e2	GZB-Sehani Khurd	28.699104	77.422867	Ghaziabad	Uttar Pradesh
47a77387-059f-44fc-be76-a81b7ff97e0a	GZB-Shastri nagar	28.662885	77.462688	Ghaziabad	Uttar Pradesh
8a93c269-b281-4e2d-98b8-cce217827cd0	GZB-Shyam Park	28.680958153616587	77.34536166318739	Ghaziabad	Uttar Pradesh
5c012bfa-7eab-4aa6-9285-60683ed3107c	GZB-VAISHALI	28.646249	77.334833	Ghaziabad	Uttar Pradesh
1a87a0c1-4634-4bd9-987e-8bb455d96027	GZB-Wave City	28.651505	77.511108	Ghaziabad	Uttar Pradesh
2916f784-3ab0-4749-896b-702f58275041	GOP-Avas vikas Colony	26.722849	83.434282	Gorakhpur	Uttar Pradesh
ae16b84f-5364-4a24-86b7-d42d13891838	GOP-Gorakhnath	26.7845556	83.3572778	Gorakhpur	Uttar Pradesh
3a410c47-9ebf-410e-8c86-c68c3fafab29	GOP-Taramandal	26.729196	83.385074	Gorakhpur	Uttar Pradesh
91dee9e7-b93c-466c-b024-9406fce0d693	HPR-Ganga Nagar	28.732108352864817	77.77527896724162	HAPUR	Uttar Pradesh
d8ced7ed-2331-40d8-9f41-5154bb1ced89	KNU-Arya Nagar	26.483097	80.318459	Kanpur	Uttar Pradesh
6272824c-8e49-42e1-a31d-19f76894bf74	KNU-Awas Vikas	26.48942044	80.25380283	Kanpur	Uttar Pradesh
01084781-096d-4da8-bc1c-cd56769e8d87	KNU-Azad Nagar	26.508984	80.294056	Kanpur	Uttar Pradesh
30a65b0b-3941-4a5f-a0e4-8d0626b37c89	KNU-Barra	26.436009	80.296192	Kanpur	Uttar Pradesh
1a96b304-c2cb-4a59-88cc-8e3496e1b525	KNU-Kidwai Nagar	26.427685	80.321483	Kanpur	Uttar Pradesh
54c72546-0ffd-4491-b075-faadc90e4cb0	KNU-Lal Bangla	26.422324	80.390759	Kanpur	Uttar Pradesh
5dbf0332-5872-4178-8c53-9d0666c9c86c	KNU-Mulganj	26.4652	80.3465	Kanpur	Uttar Pradesh
8b5992ad-b397-4fdb-be52-0d780c7cc501	KNU-Shastri Nagar	26.46220406	80.29723625	Kanpur	Uttar Pradesh
7d68a957-c0e8-4841-ad02-f98b4dddcee2	KNU-Shyam Nagar	26.411355	80.36718	Kanpur	Uttar Pradesh
abed156e-9d65-4438-86b9-5c5c4696cbb6	KNU-Yashoda Nagar	26.4066389	80.3330556	Kanpur	Uttar Pradesh
1df7d024-3938-424e-a351-0c61f146c944	LKO-Aliganj	26.89829768	80.94414524	Lucknow	Uttar Pradesh
67053fe0-7be5-4caf-97d4-d7b0d96f36a7	LKO-Anora Kala	26.90257	81.09324	Lucknow	Uttar Pradesh
f44aaa81-4dd2-4f45-8695-57b7faa3e66e	LKO-Arjunganj	26.80775	80.9962222	Lucknow	Uttar Pradesh
cf175154-9362-4fe8-af7a-8b88d60b978f	LKO-Ashraf Vihar Colony	26.8674984	81.036498	Lucknow	Uttar Pradesh
4e9be954-763d-417a-94b5-04c7a7dc27d4	LKO-Aziz Nagar	26.917683	80.937691	Lucknow	Uttar Pradesh
57a0a941-0dd1-4f11-8c58-92e33fd9e2fd	LKO-Chinhat	26.8873056	81.0525833	Lucknow	Uttar Pradesh
b4be4358-8c60-4b61-9d4c-0a2f44c1b2cc	LKO-Chowk	26.867813	80.905173	Lucknow	Uttar Pradesh
871ffc63-229f-4a33-b9f5-13644d79fb07	LKO-Daliganj	26.8758096	80.9355816	Lucknow	Uttar Pradesh
913cea7d-879a-46d4-a31d-375e6272a237	LKO-Defense Colony	26.773574	80.955148	Lucknow	Uttar Pradesh
562cb7b1-abca-43e3-a6c9-051c96f50712	LKO-Dubagga	26.87342849	80.8695171	Lucknow	Uttar Pradesh
aa0cbb4d-1d2d-4ec6-9ed9-bc998260760f	LKO-Eldeco	26.75932713	80.951681	Lucknow	Uttar Pradesh
72b84119-233b-4472-9e3c-651bd462d16f	LKO-Eldeco Udyan 2	26.759374	80.932982	Lucknow	Uttar Pradesh
f4bba239-1eaa-447f-bca5-8ac8d536cec1	LKO-Golf City	26.77888982	80.99924366	Lucknow	Uttar Pradesh
2d176779-fc34-4f74-9e2b-cf260ef82d26	LKO-Gomti Nagar	26.825569	81.008189	Lucknow	Uttar Pradesh
0bb92297-286f-45a2-8b94-40bb25c86e55	LKO-Gudamba	26.92214909998486	80.97039589604312	Lucknow	Uttar Pradesh
2140ad97-8423-4f24-9961-ed3ad44306c0	LKO-Hazratganj	26.848535147518824	80.94252322482625	Lucknow	Uttar Pradesh
b0caee9f-aa50-45bf-92bb-b533d55b50a0	LKO-IIM	26.931493	80.907628	Lucknow	Uttar Pradesh
3e12177b-60c8-4cef-82ae-20cac5466597	LKO-Indiranagar	26.883167	80.997311	Lucknow	Uttar Pradesh
63a0ab1c-b753-47cb-83a6-5362d31f5d17	LKO-Jankipuram	26.931303	80.943974	Lucknow	Uttar Pradesh
20c47a85-2b47-41d8-a02f-8a9b34c8bb4b	LKO-Khera Para	26.83282	80.85764	Lucknow	Uttar Pradesh
c1490eb7-318a-4ee3-b14c-37e943e3b44a	LKO-Krishna Nagar	26.794554	80.881897	Lucknow	Uttar Pradesh
22892d78-685c-4bba-8760-dec1e47621e1	LKO-Mahanagar	26.87307434	80.957294	Lucknow	Uttar Pradesh
75ce4477-9307-4db7-b750-a640a90e0e51	LKO-Manas Enclave	26.902775	81.002369	Lucknow	Uttar Pradesh
a13c8b45-35e4-4fd1-beae-f898dd2b9e93	LKO-Rajajipuram	26.84682424	80.88005731	Lucknow	Uttar Pradesh
2f8b56d8-3d1a-4dd3-ad94-2fc67df39b4f	LKO-Rajendra Nagar	26.846269	80.903521	Lucknow	Uttar Pradesh
c3937bd5-02ec-43db-b411-93951a26a159	LKO-Sardari Kheda	26.81317	80.907039	Lucknow	Uttar Pradesh
6af4daba-3f48-4037-a5e4-0bb3c4042203	LKO-Sharda Nagar New	26.782469	80.924355	Lucknow	Uttar Pradesh
52e787a0-2b5c-4184-8ba9-437d1d3408d8	LKO-Tedhi Pulia	26.8995	80.966841	Lucknow	Uttar Pradesh
4bbfd2a7-633f-40bf-91e3-3cfdd08fd6cc	LKO-vijaya Khand	26.86719	81.01611	Lucknow	Uttar Pradesh
c42a2c0f-9fd7-4843-8b42-7c71b32be093	LKO-Vikas Khand	26.85219707	80.9995068	Lucknow	Uttar Pradesh
a44922a3-06b3-4840-959b-f3f0623c983e	MRT-Daurli	29.05499	77.70842	Meerut	Uttar Pradesh
73731b71-1ef1-403c-b1e0-e214f7c78b20	MRT-Defence Colony	29.011046	77.749799	Meerut	Uttar Pradesh
bd5c7fca-c35a-404c-a803-ce735acbeea5	MRT-Mangal Pandey Nagar	28.969224	77.735525	Meerut	Uttar Pradesh
9d0727d9-8296-4b1f-adc1-80e720f049f5	MRT-PVS Mall	28.954647	77.733437	Meerut	Uttar Pradesh
3eced897-a793-4b9d-bc3b-1772a883d8af	NOD - Sector 117 Noida	28.575489	77.395161	Noida	Uttar Pradesh
9f128d50-def8-471b-bc47-b041d95b885a	NOD_SECTOR 63 NOIDA	28.618837	77.378237	Noida	Uttar Pradesh
b85a5165-14eb-433e-b1c9-bcc435f89d26	NOD-Bahlopur	28.611323	77.397793	Noida	Uttar Pradesh
9d0db896-5c44-4fcb-9cdb-b88d01aed7e1	NOD-Beta 1	28.483608	77.506043	Noida	Uttar Pradesh
5cc22671-70e0-4077-8f1c-5502c2c5522b	NOD-BISRAKH	28.575035	77.442609	Noida	Uttar Pradesh
0ee686e2-fe05-4ea1-9740-46835a298b6b	NOD-Bisrakh Sector 1	28.563075	77.4483112	Noida	Uttar Pradesh
bd54e57b-7052-4b6f-a52d-64f90447f943	NOD-Chi 5	28.42847	77.50791	Noida	Uttar Pradesh
54358b29-1ad2-4c8c-a4cb-95af6d0eabc2	NOD-ETA II	28.499879	77.541621	Noida	Uttar Pradesh
06f57b41-596b-4486-b641-46d309fc4262	NOD-Gulistanpur	28.521839	77.530144	Noida	Uttar Pradesh
0694297e-1f04-4896-98de-fa6aac6b8a37	NOD-ITEDA	28.6056415	77.4395169	Noida	Uttar Pradesh
d4826474-66a7-4a03-98a6-950ae93a634d	NOD-Jalvayu Vihar	28.454972	77.519796	Noida	Uttar Pradesh
d9c0b720-ce7d-4571-9df2-5d2069c2f8b4	NOD-JP Greens	28.4750833	77.5237222	Noida	Uttar Pradesh
4f8f3e7f-09f6-4bea-924e-c29764c91e48	NOD-Noida Extension	28.611330483028468	77.4464718972315	Noida	Uttar Pradesh
eb6b329a-e514-4f86-b1b0-d11991efc00a	NOD-NOIDA EXTENSION NETWORK	28.601754	77.44594	Noida	Uttar Pradesh
ffa891d3-3a9d-495e-9444-c23ba34c0f3c	NOD-OMICRON	28.466518	77.560727	Noida	Uttar Pradesh
fe6fabb1-7063-4dba-b83a-6cb00e8a26e2	NOD-Panchsheel Greens	28.614677	77.455696	Noida	Uttar Pradesh
5c59e348-7c63-47e6-92e8-ad748aa75242	NOD-SAKIPUR	28.497747172541715	77.52450425504158	Noida	Uttar Pradesh
ba555bdd-e00d-48f1-b0c8-b323f5de6843	NOD-Sarvottam School	28.58963	77.448136	Noida	Uttar Pradesh
e5b38f40-f9c0-4355-baa9-269c4d85396b	NOD-SECTOR 116	28.565900163500384	77.39550716205312	Noida	Uttar Pradesh
93f5e60a-7309-40a8-8533-6eee547b3913	NOD-Sector 116 main	28.557995104758557	77.38777472479049	Noida	Uttar Pradesh
0a978a0b-b48a-47e9-a4b7-f48b6172b5b7	NOD-Sector 117 network	28.57853	77.38492	Noida	Uttar Pradesh
ead3cbf3-0bb8-4089-8283-45d337b4a3b9	NOD-Sector 128	28.508331	77.358455	Noida	Uttar Pradesh
fabff813-eb3d-499a-8f9d-691ab28251fc	NOD-SECTOR 135	28.5024757	77.3901675	Noida	Uttar Pradesh
fae50483-1e9b-491c-a62a-5e7216cb7f57	NOD-SECTOR 142 NETWORK	28.504493556668102	77.4144443958839	Noida	Uttar Pradesh
415a53bb-ae7f-4d84-b58f-e36e425769e5	NOD-SECTOR 142 NOIDA	28.500553	77.416094	Noida	Uttar Pradesh
8bd95118-90ce-4657-9a63-7ca501bb9c6a	NOD-Sector 143 B	28.49627478529003	77.42505312493503	Noida	Uttar Pradesh
eb94a416-fd5b-4c8d-a9c2-a5d93a3069d9	NOD-Sector 149	28.435224	77.479131	Noida	Uttar Pradesh
3ed41d5c-5bb0-4ea9-b041-4d40c2b1f963	NOD-Sector 4	28.58336104	77.31994863	Noida	Uttar Pradesh
3422fce9-9587-44a5-8cff-8ee60c65617d	NOD-Sector 46 Network	28.556297	77.350386	Noida	Uttar Pradesh
c4ae2b4d-5005-4d2e-869a-f340fd7e595b	NOD-Sector 46 Network-2	28.53746907242446	77.36489075901586	Noida	Uttar Pradesh
a58369d0-5902-4113-b0b7-58f4daae321e	NOD-Sector 47	28.549371	77.362991	Noida	Uttar Pradesh
226297cf-9bae-4e84-9aa6-294d8ef080a3	NOD-Sector 49	28.561056	77.366484	Noida	Uttar Pradesh
082229f8-d7ec-4b29-8220-db1d7776d7e9	NOD-Sector 58	28.606783	77.358765	Noida	Uttar Pradesh
0e027a98-e51d-488b-af9b-f81381bb9837	NOD-Sector 73 Network	28.583612	77.371656	Noida	Uttar Pradesh
c4f5c474-d916-4cf3-ba6d-7a4c5d26d326	NOD-Sector 73 Network-2	28.587194362259073	77.39277158597224	Noida	Uttar Pradesh
1db5fffc-4eca-4f44-8ba6-14c5c107e81f	NOD-Sector 73 NOIDA NEW	28.59071	77.381058	Noida	Uttar Pradesh
5a8602ea-7595-466b-bb0d-8ab128a663e0	NOD-Sector 93	28.5207326770714	77.3852765423292	Noida	Uttar Pradesh
0a5bba7b-0f2f-4f65-98a3-44529d3156ff	NOD-SECTOR PI-1	28.47040714575944	77.5401006536516	Noida	Uttar Pradesh
695b2cc3-3e79-4e8e-99dc-85ddfb90d256	NOD-Sector-10 New	28.59504615463995	77.33037885977807	Noida	Uttar Pradesh
0ed3c6ae-9a69-4458-aac5-b6c3342c8954	NOD-Sector-31	28.57549	77.343254	Noida	Uttar Pradesh
581b1461-3a0b-4698-adb6-93a51207b2e1	NOD-Tugalpur	28.46259531	77.50545962	Noida	Uttar Pradesh
3dbc1d3e-adfe-47b7-92f8-511a7007b9b7	NOD-Vaidpura	28.571107	77.486582	Noida	Uttar Pradesh
fee654ba-4ae4-4295-89f0-fbd9116eb24a	PYJ-Govindpur	25.491823	81.874504	Prayagraj	Uttar Pradesh
1abad930-6541-4216-afbe-fa376cf5bc72	PYJ-Jhunsi	25.420596	81.923845	Prayagraj	Uttar Pradesh
2132443f-a32b-487a-b774-ce86e7184578	PYJ-Kalindipuram	25.42617925	81.7849634	Prayagraj	Uttar Pradesh
9b7e899c-2925-4eae-bf55-bed98c832df3	PYJ-Kareli	25.4332	81.816416	Prayagraj	Uttar Pradesh
dc25c005-8cd2-4be9-ae80-3cf6e5b80481	PYJ-Naini	25.390997	81.877741	Prayagraj	Uttar Pradesh
a704a05d-0f16-42da-a511-627c9f613d33	PYJ-New Katra	25.470258	81.855923	Prayagraj	Uttar Pradesh
d809f060-1074-46a3-b914-345f30df60b9	SPR-Sadar Thana	29.951775	77.550741	Saharanpur	Uttar Pradesh
689c5ff8-e8ad-4289-a5a5-4b48c0e31114	VNS-BHU	25.282241	82.996338	Varanasi	Uttar Pradesh
7e698981-3429-454f-8dae-16347b53eeed	VNS-Naibasti	25.348217	82.992713	Varanasi	Uttar Pradesh
3732acbe-d428-40f6-9d42-0a11976d0207	VNS-Sarnath	25.36075	83.0186111	Varanasi	Uttar Pradesh
5dc64daf-aad9-41c9-8b2a-45f1c6e37fb5	DED-Adhowala	30.324036	78.061297	Dehradun	Uttarakhand
f69d994e-7d4d-4a5f-bc76-db7b26027ef0	DED-Badripur	30.274212	78.060638	Dehradun	Uttarakhand
7d1a958f-c3c0-498d-ac4f-1482550f08d4	DED-Balliwala	30.3294	78.01163	Dehradun	Uttarakhand
2607025a-3900-4f19-a9b9-d158be8b4858	DED-Dharampur Chowk	30.301613	78.051037	Dehradun	Uttarakhand
d0e7fabd-57c5-4073-9c43-dc5bbdf3d8fd	DED-Kargi	30.287845	78.028913	Dehradun	Uttarakhand
9b74fd73-1753-4b1c-a6df-6b8d01bd168c	DED-Kulhan	30.372331295586655	78.09883718469094	Dehradun	Uttarakhand
89c66d8a-45f7-48b3-adc9-9271cb4684f6	DED-Majra	30.300604	78.001368	Dehradun	Uttarakhand
67b7452f-7def-49a9-8284-5c86df2068ac	DED-Prem Nagar	30.340901	77.955317	Dehradun	Uttarakhand
06bc0cca-b09b-4c18-b6c5-8358f91c7201	DED-Subhash Nagar	30.277167	77.989784	Dehradun	Uttarakhand
9e330266-5ce4-4408-af82-5614f2b3b001	HAR-Haripur Kalan	29.99499278	78.19115354	Haridwar	Uttarakhand
b9bb6846-a7b6-423a-8c44-5b35c3ba8745	HAR-Ranipur	29.935893	78.138586	Haridwar	Uttarakhand
dd246eef-6cb6-4358-b455-9b46c1c444ca	KOL- Rickjoni	22.626859	88.480723	Kolkata	West Bengal
547ab61d-8d0e-47b5-a5b4-82952f43e814	KOL-Acropolis	22.52194	88.385964	Kolkata	West Bengal
c30fa0c1-537b-4535-ae20-1c33ca950236	KOL-Action Area II	22.58781	88.49731	Kolkata	West Bengal
22c1e59e-db0c-4fc4-b5f0-82b6c33ff15f	KOL-Amarpalli	22.61564934	88.41176398	Kolkata	West Bengal
30dc951d-cd0e-4703-9f84-583ef7de1794	KOL-Baisakhi	22.598938	88.423108	Kolkata	West Bengal
74039f14-48e6-4a32-b70f-7ddda4c42900	KOL-BALLYGANJ	22.524497087578577	88.37156695164063	Kolkata	West Bengal
f953916f-d684-447e-b750-c1f4ca34bc33	KOL-BARANAGAR	22.6261748	88.3820739	Kolkata	West Bengal
1fb2986b-c2c0-4e63-8b85-91d5f5956303	KOL-Barrackpore	22.763344	88.365335	Kolkata	West Bengal
4e626392-c497-4cf8-9a07-d2576c1d8988	KOL-Baruipur	22.414949	88.41291	Kolkata	West Bengal
6de0ff52-a112-489b-bbb4-da655f8943ce	KOL-Behala New	22.505887467127653	88.32895283406567	Kolkata	West Bengal
4d3f28cf-646c-49cb-833b-0dbce82498d5	KOL-Bhawanipore New	22.5287374	88.3518097	Kolkata	West Bengal
311ccac4-761e-4862-beeb-f41ba7e37bec	KOL-Birati	22.6604	88.42924	Kolkata	West Bengal
b90c1ea5-9619-46d9-8eb0-ac656bc470b9	KOL-Diamond City	22.484191152542973	88.29623408738604	Kolkata	West Bengal
ab3bee45-6ef0-4dbe-bf5f-253d0817ceb5	KOL-DumDum	22.627591952143923	88.42375018980698	Kolkata	West Bengal
fe80f1c1-0a55-4f02-a972-9250a4c17c39	KOL-Garia	22.464212	88.388718	Kolkata	West Bengal
d613f8a4-718e-44e8-b3a3-cad4d092bfe2	KOL-Haridevpur	22.4658468	88.3356827	Kolkata	West Bengal
cd098e80-d516-4508-b4fc-3d7f10461033	KOL-Jadavpur New	22.48677578808262	88.35056846671299	Kolkata	West Bengal
56b34f56-7705-43b0-8fee-64125becba91	KOL-Joka New	22.448823975655575	88.3011469959512	Kolkata	West Bengal
917a6609-db18-4f35-ba88-3e681d1ebfa4	KOL-Kalyani	22.97273	88.43299	Kolkata	West Bengal
6de9aaa0-268d-44a5-8e39-aa2130d5354a	KOL-Kamalgachi	22.441372241241993	88.3931993093092	Kolkata	West Bengal
17532e16-28d2-4271-bbac-c48b9b3f8dd1	KOL-Kamarhati	22.67153941	88.37841808	Kolkata	West Bengal
553c9cfa-5a00-4b98-a1d5-152c813e12d2	KOL-Kestopur	22.59477361	88.43478454	Kolkata	West Bengal
a935152c-9baa-46c1-b2ac-37701a227a19	KOL-Lake Gardens	22.5080718	88.3535269	Kolkata	West Bengal
ad4637de-2e3e-4276-a524-0546f33fa0d9	KOL-Liluah	22.617645	88.348427	Kolkata	West Bengal
2b8584f6-f986-4414-a288-885d34d7a1ab	KOL-Madhyamgram	22.69421	88.46691	Kolkata	West Bengal
23a32270-0c20-470b-bff3-fb21ab1ad02e	KOL-Mahish Bathan	22.572546601542342	88.45761351374573	Kolkata	West Bengal
eedbad6f-ada7-40cd-922e-828198efed50	KOL-Maniktala	22.589866710766227	88.3758036398596	Kolkata	West Bengal
285e3359-d42c-4b88-9edb-35550d7f3b41	KOL-Motinagar	22.6342218	88.4599105	Kolkata	West Bengal
9cc80a80-f39d-4da4-9ce6-14fad42e470e	KOL-Nazirabad	22.512722	88.417444	Kolkata	West Bengal
0af692ee-167f-4903-bf7c-959643e47899	KOL-NEW TOWN	22.582489	88.46281	Kolkata	West Bengal
f5a49f9a-8888-481e-b96c-f7a191ea1256	KOL-Park Street	22.555206	88.36338	Kolkata	West Bengal
a747aca8-5583-4f32-aa16-e804cefaa95a	KOL-Park street network	22.54421287124457	88.35109404905572	Kolkata	West Bengal
a414c96e-6808-45f5-bdaf-1182485ac38c	KOL-PHOOLBAGAN New	22.565125	88.403809	Kolkata	West Bengal
d4965e43-bb99-400e-9107-7371e08cf06a	KOL-RAJARHAT	22.6180581	88.443721	Kolkata	West Bengal
5fdc5ed4-7a93-4c29-88bc-f40964758005	KOL-SANTOSHPUR	22.48677639	88.38748927	Kolkata	West Bengal
77e44380-aa2a-4eeb-b923-24c653aa6732	KOL-Santragachi	22.586239	88.298869	Kolkata	West Bengal
8bf314ef-f9e5-4425-a4a9-9a535764e613	KOL-Shibpur	22.573475	88.328352	Kolkata	West Bengal
627273fe-a446-443c-b412-1f09a9131a72	KOL-Sukhobristi	22.563806	88.520083	Kolkata	West Bengal
805076d8-aa2c-49c6-870b-413044b130bf	KOL-Tangra	22.547184	88.389073	Kolkata	West Bengal
e6020704-f789-4a3f-9f3a-1f289bcb343f	KOL-Topsia	22.5388218	88.37665444	Kolkata	West Bengal
da5b2eac-c339-43fa-a59b-b153f2603b9c	KOL-Uniworld City	22.56084721703983	88.50849541144582	Kolkata	West Bengal
413a57d5-8562-4ec2-9b0b-9f4c03847968	KOL-Uttarpara	22.6748	88.3521	Kolkata	West Bengal
